IATA,Lugar
AAA,"Anaa, Polinesia francés"
AAD,"Adado, Somalia"
AAE,"Annaba, Argelia"
AAK,"Aranuka, Kiribati"
AAL,"Aalborg, Dinamarca"
AAN,"Al Ain, Emiratos Árabes Unidos"
AAP,"Samarinda, Indonesia"
AAQ,"Anapa, Rusia"
AAR,"Aarhus, Dinamarca"
AAT,"Altay, China"
ABA,"Abakán, Rusia"
ABB,"Asaba, Nigeria"
ABD,"Abadan, Corrí"
ABE,"Allentown, Estados Unidos"
ABF,"Abaiang, Kiribati"
ABI,"Abilene, Estados Unidos"
ABJ,"Abiyán, Costa de Marfil"
ABL,"Ambler, Estados Unidos"
ABM,"Bamaga, Australia"
ABQ,"Albuquerque, Estados Unidos"
ABR,"Aberdeen, Estados Unidos"
ABS,"Abu Simbel, Egipto"
ABT,"Al Bahah, Arabia Saudita"
ABU,"Atambua, Indonesia"
ABV,"Abuya, Nigeria"
ABX,"Albury, Australia"
ABY,"Albany, Estados Unidos"
ABZ,"Aberdeen, Reino Unido"
ACA,"Acapulco de Juárez, México"
ACC,"Acra, Ghana"
ACE,"Lanzarote, España"
ACH,"Thal, Suiza"
ACI,"Alderney, Guernesey"
ACK,"Nantucket, Estados Unidos"
ACP,"Bonab, Corrí"
ACT,"Waco, Estados Unidos"
ACV,"Arcata, Estados Unidos"
ACX,"Xingyi, China"
ACY,"Atlantic City, Estados Unidos"
ACZ,"Zabol, Corrí"
ADA,"Adana, pavo"
ADB,"Esmirna, pavo"
ADD,"Adís Abeba, Etiopía"
ADE,"Aden, Yemen"
ADF,"Adıyaman, pavo"
ADK,"Isla Adak, Estados Unidos"
ADL,"Adelaida, Australia"
ADQ,"Kodiak, Estados Unidos"
ADU,"Ardabil, Corrí"
ADZ,"San Andrés, Colombia"
AEA,"Abemama Atoll, Kiribati"
AEB,"Baise, China"
AEH,"Abéché, Chad"
AEM,"Amgu, Rusia"
AEP,"Buenos Aires, Argentina"
AER,"Sochi, Rusia"
AES,"Ålesund, Noruega"
AET,"Allakaket, Estados Unidos"
AEU,"Abu Musa, Corrí"
AEX,"Alexandria, Estados Unidos"
AEY,"Akureyri, Islandia"
AFA,"San Rafael, Argentina"
AFL,"Alta Floresta, Brasil"
AFZ,"Sabzevar, Corrí"
AGA,"Agadir, Marruecos"
AGB,"Múnich, Alemania"
AGH,"Ängelholm, Suecia"
AGM,"Tasiilaq, Groenlandia"
AGN,"Angoon, Estados Unidos"
AGP,"Málaga, España"
AGR,"Agra, India"
AGS,"Augusta, Estados Unidos"
AGU,"Aguascalientes, México"
AGX,"Isla Agatti, India"
AHB,"Abha, Arabia Saudita"
AHE,"Ahe, Polinesia francés"
AHJ,"Aba Hongyuan, China"
AHO,"Alguer, Italia"
AHU,"Alhucemas, Marruecos"
AIA,"Alliance, Estados Unidos"
AIC,"Airok, Islas Marshall"
AIN,"Wainwright, Estados Unidos"
AIP,"Jalandhar, India"
AIR,"Aripuanã, Brasil"
AIS,"Arorae Island, Kiribati"
AIT,"Aitutaki, Islas Cook"
AJA,"Ajaccio, Francia"
AJF,"Provincia de Yauf, Arabia Saudita"
AJI,"Ağrı, pavo"
AJL,"Aizawl, India"
AJN,"Anjouan, Comoras"
AJR,"Arvidsjaur, Suecia"
AJU,"Aracaju, Brasil"
AJY,"Agadez, Níger"
AKA,"Ankang, China"
AKF,"Kufrah, Libia"
AKI,"Akiak, Estados Unidos"
AKJ,"Asahikawa, Japón"
AKK,"Akhiok, Estados Unidos"
AKL,"Auckland, Nueva Zelanda"
AKN,"King Salmon, Estados Unidos"
AKP,"Anaktuvuk Pass, Estados Unidos"
AKR,"Akure, Nigeria"
AKS,"Auki, Islas Salomón"
AKU,"Ciudad de Aksu, China"
AKV,"Akulivik, Canadá"
AKX,"Aktobé, Kazajstán"
AKY,"Sittwe, Myanmar (Burma)"
ALA,"Almatý, Kazajstán"
ALB,"Albany, Estados Unidos"
ALC,"Alicante, España"
ALF,"Alta, Noruega"
ALG,"Argel, Argelia"
ALH,"Albany, Australia"
ALO,"Waterloo, Estados Unidos"
ALP,"Aleppo, Siria"
ALQ,", Brasil"
ALS,"Alamosa, Estados Unidos"
ALW,"Walla Walla, Estados Unidos"
ALY,"Alexandria, Egipto"
ALZ,"Lazy Bay, Estados Unidos"
AMA,"Amarillo, Estados Unidos"
AMD,"Ahmedabad, India"
AMH,"Arba Minch, Etiopía"
AMM,"Amán, Jordán"
AMQ,"Ambon, Indonesia"
AMS,"Ámsterdam, Países Bajos"
ANA,"Masái Mara, Kenia"
ANC,"Anchorage, Estados Unidos"
ANF,"Antofagasta, Chile"
ANI,"Aniak, Estados Unidos"
ANR,"Bruselas, Bélgica"
ANU,"Isla Antigua, Antigua y Barbuda"
ANV,"Anvik, Estados Unidos"
ANX,"Andenes, Noruega"
AOE,"Eskişehir, pavo"
AOG,"Anshán, China"
AOI,"Ancona, Italia"
AOJ,"Aomori, Japón"
AOK,"Karpathos, Grecia"
AOO,"Altoona, Estados Unidos"
AOQ,"Aappilattoq, Groenlandia"
AOR,"Alor Setar, Malasia"
AOS,"Amook Bay, Estados Unidos"
APK,"Apataki, Polinesia francés"
APL,"Nampula, Mozambique"
APN,"Alpena, Estados Unidos"
APO,"Apartadó, Colombia"
APW,"Apia, Samoa"
AQG,"Anqing, China"
AQI,"Qaisumah, Arabia Saudita"
AQJ,"Áqaba, Jordán"
AQP,"Arequipa, Perú"
ARC,"Arctic Village, Estados Unidos"
ARD,"Alor Island, Indonesia"
ARH,"Arcángel, Rusia"
ARI,"Arica, Chile"
ARK,"Arusha, Tanzania"
ARM,"Armidale, Australia"
ARN,"Estocolmo, Suecia"
ART,"Watertown, Estados Unidos"
ARU,"Araçatuba, Brasil"
ARX,"Aracati, Brasil"
ASB,"Asjabad, Turkmenistán"
ASE,"Aspen, Estados Unidos"
ASF,"Astracán, Rusia"
ASJ,"Amami, Japón"
ASM,"Asmara, Eritrea"
ASO,"Asosa, Etiopía"
ASP,"Alice Springs, Australia"
ASR,"Kayseri, pavo"
ASS,"Arathusa Safari Lodge, Sudáfrica"
ASU,"Asunción, Paraguay"
ASV,"Amboseli National Park, Kenia"
ASW,"Asuán, Egipto"
ATD,"Atoifi, Islas Salomón"
ATH,"Atenas, Grecia"
ATK,"Atqasuk, Estados Unidos"
ATL,"Atlanta, Estados Unidos"
ATM,"Altamira, Brasil"
ATQ,"Amritsar, India"
ATT,"Atmautluak, Estados Unidos"
ATW,"Appleton, Estados Unidos"
ATY,"Watertown, Estados Unidos"
ATZ,"Asiut, Egipto"
AUA,"Aruba, Aruba"
AUC,"Arauca, Colombia"
AUG,"Augusta, Estados Unidos"
AUH,"Abu Dabi, Emiratos Árabes Unidos"
AUQ,"Hiva Oa, Polinesia francés"
AUR,"Aurillac, Francia"
AUS,"Austin, Estados Unidos"
AUU,"Aurukun, Australia"
AUX,"Araguaína, Brasil"
AUY,"Aneityum, Vanuatu"
AVA,"Anshun, China"
AVL,"Asheville, Estados Unidos"
AVN,"Aviñón, Francia"
AVP,"Wilkes-Barre, Estados Unidos"
AVV,"Melbourne, Australia"
AWA,"Awasa, Etiopía"
AWD,"Aniwa Island, Vanuatu"
AWZ,"Ahwaz, Corrí"
AXA,"Anguilla, Anguilla"
AXD,"Alejandrópolis, Grecia"
AXF,"Alxa, China"
AXJ,"Amakusa, Japón"
AXM,"Armenia, Colombia"
AXP,"Spring Point, Bahamas"
AXR,"Arutua, Polinesia francés"
AXT,"Akita, Japón"
AYM,"Yas Island, Emiratos Árabes Unidos"
AYP,"Ayacucho, Perú"
AYQ,"Uluru, Australia"
AYT,"Antalya, pavo"
AZA,"Phoenix, Estados Unidos"
AZD,"Yazd, Corrí"
AZN,"Andizhan, Uzbekistán"
AZO,"Kalamazoo, Estados Unidos"
AZR,"Adrar, Argelia"
AZS,"Santa Bárbara de Samaná, República Dominicana"
BAH,"Bahrain Island, Bahrein"
BAL,"Batman, pavo"
BAQ,"Barranquilla, Colombia"
BAR,"Qionghai, China"
BAS,"Balalae Island, Islas Salomón"
BAV,"Baotou, China"
BAX,"Barnaúl, Rusia"
BAY,"Baia Mare, Rumania"
BBA,"Balmaceda, Chile"
BBG,"Butaritari Atoll, Kiribati"
BBI,"Bhubaneshwar, India"
BBK,"Kasane, Botswana"
BBN,"Bario, Malasia"
BBO,"Berbera, Somalia"
BCD,"Bacólod, Filipinas"
BCI,"Barcaldine, Australia"
BCM,"Bacău, Rumania"
BCN,"Barcelona, España"
BCO,"Jinka, Etiopía"
BCU,"Bauchi, Nigeria"
BDA,"Bermuda, islas Bermudas"
BDB,"Bundaberg Region, Australia"
BDD,"Badu Island, Australia"
BDH,"Bandar Lengeh, Corrí"
BDJ,"Banjarmasin, Indonesia"
BDL,"Hartford, Estados Unidos"
BDO,"Bandung, Indonesia"
BDP,"Bhadrapur, Mechi, Nepal"
BDQ,"Vadodara, India"
BDS,"Bríndisi, Italia"
BDU,"Andselv, Noruega"
BEB,"Benbecula, Reino Unido"
BEF,"Bluefields, Nicaragua"
BEG,"Belgrado, Serbia"
BEJ,"Tanjung Redeb, Indonesia"
BEK,"Bareilly, India"
BEL,"Belém, Brasil"
BEN,"Benghazi, Libia"
BER,"Berlin, Alemania"
BES,"Brest, Francia"
BET,"Bethel, Estados Unidos"
BEU,"Bedourie, Australia"
BEW,"Beira, Mozambique"
BEY,"Beirut, Líbano"
BEZ,"Beru Island, Kiribati"
BFD,"Bradford, Estados Unidos"
BFF,"Scottsbluff, Estados Unidos"
BFI,"Seattle, Estados Unidos"
BFJ,"Bijíe, China"
BFL,"Bakersfield, Estados Unidos"
BFN,"Bloemfontein, Sudáfrica"
BFS,"Belfast, Reino Unido"
BFV,"Provincia de Buri Ram, Tailandia"
BFX,"Bafoussam, Camerún"
BGA,"Bucaramanga, Colombia"
BGC,"Bragança, Portugal"
BGF,"Bangui, República Centroafricana"
BGG,"Bingöl, pavo"
BGI,"Bridgetown, Barbados"
BGM,"Binghamton, Estados Unidos"
BGN,"Belaya Gora, Sakha Republic, Rusia"
BGO,"Bergen, Noruega"
BGR,"Bangor, Estados Unidos"
BGW,"Bagdad, Irak"
BGX,"Bagé, Brasil"
BGY,"Milán, Italia"
BHB,"Bar Harbor, Estados Unidos"
BHD,"Belfast, Reino Unido"
BHE,"Blenheim, Nueva Zelanda"
BHH,"Bisha, Arabia Saudita"
BHI,"Bahía Blanca, Argentina"
BHJ,"Bhuj, India"
BHK,"Bujará, Uzbekistán"
BHM,"Birmingham, Estados Unidos"
BHO,"Bhopal, India"
BHQ,"Broken Hill, Australia"
BHR,"Bharatpur, Nepal"
BHS,"Bathurst, Australia"
BHU,"Bhavnagar, India"
BHV,"Bahawalpur, Pakistán"
BHX,"Birmingham, Reino Unido"
BHY,"Beihai, China"
BIA,"Bastia, Francia"
BIB,"Baidoa, Somalia"
BIC,", Francia"
BIH,"Bishop, Estados Unidos"
BIK,"Biak, Indonesia"
BIL,"Billings, Estados Unidos"
BIM,"Bimini, Bahamas"
BIO,"Bilbao, España"
BIQ,"Biarritz, Francia"
BIR,"Biratnagar, Nepal"
BIS,"Bismarck, Estados Unidos"
BJA,"Bugía, Argelia"
BJB,"Bojnord, Corrí"
BJF,"Båtsfjord, Noruega"
BJI,"Bemidji, Estados Unidos"
BJL,"Banjul, Gambia"
BJM,"Buyumbura, Burundi"
BJR,"Bahir Dar, Etiopía"
BJV,"Bodrum, pavo"
BJW,"Bajawa, Indonesia"
BJX,"León, México"
BJZ,"Badajoz, España"
BKB,"Bikaner, India"
BKC,"Buckland, Estados Unidos"
BKG,"Branson, Estados Unidos"
BKI,"Kota Kinabalu, Malasia"
BKK,"Bangkok, Tailandia"
BKL,"Cleveland, Estados Unidos"
BKM,"Ba kelalan, Malasia"
BKO,"Bamako, mali"
BKQ,"Blackall, Australia"
BKS,"Bengkulu, Indonesia"
BKW,"Beckley, Estados Unidos"
BKZ,"Bukoba, Tanzania"
BLA,"Barcelona, Venezuela"
BLD,"Las Vegas, Estados Unidos"
BLI,"Bellingham, Estados Unidos"
BLJ,"Batna, Argelia"
BLL,"Billund, Dinamarca"
BLQ,"Bolonia, Italia"
BLR,"Bangalore, India"
BLV,"Belleville, Estados Unidos"
BLZ,"Blantyre, Malawi"
BMA,"Estocolmo, Suecia"
BME,"Broome, Australia"
BMI,"Bloomington, Estados Unidos"
BMO,"Bhamo, Myanmar (Burma)"
BMU,"Bima, Indonesia"
BMV,"Buôn Ma Thuột, Vietnam"
BMW,"Bordj Badji Mokhtar, Argelia"
BMY,"Art Island, Nueva Caledonia"
BNA,"Nashville, Estados Unidos"
BND,"Bandar Abbas, Corrí"
BNE,"Brisbane, Australia"
BNI,"Ciudad de Benín, Nigeria"
BNK,"Ballina, Australia"
BNN,"Brønnøysund, Noruega"
BNX,"Bania Luka, Bosnia-Herzegovina"
BNY,"Bellona Island, Islas Salomón"
BOB,"Bora Bora, Polinesia francés"
BOC,"Bocas del Toro, Panamá"
BOD,"Burdeos, Francia"
BOG,"Bogotá, Colombia"
BOH,"Bournemouth, Reino Unido"
BOI,"Boise, Estados Unidos"
BOJ,"Burgas, Bulgaria"
BOM,"Mumbai, India"
BON,"Bonaire, Caribe Países Bajos"
BOO,"Bodø, Noruega"
BOS,"Boston, Estados Unidos"
BOY,"Bobo-Dioulasso, Burkina Faso"
BPE,"Qinhuangdao, China"
BPG,"Barra do Garças, Brasil"
BPL,"Bole, China"
BPN,"Balikpapan, Indonesia"
BPS,"Porto Seguro, Brasil"
BPT,"Beaumont, Estados Unidos"
BPX,"Chamdo, China"
BQB,"Busselton, Australia"
BQJ,"Batagay, Rusia"
BQK,"Brunswick, Estados Unidos"
BQL,"Boulia, Australia"
BQN,"Aguadilla, Puerto Rico"
BQS,"Blagovéshchensk, Rusia"
BQW,"Balgo, Australia"
BRA,"Barreiras, Brasil"
BRC,"San Carlos de Bariloche, Argentina"
BRD,"Brainerd, Estados Unidos"
BRE,"Bremen, Alemania"
BRI,"Bari, Italia"
BRK,"Bourke, Australia"
BRL,"Burlington, Estados Unidos"
BRM,"Barquisimeto, Venezuela"
BRO,"Brownsville, Estados Unidos"
BRQ,"Brno, Chequia"
BRR,"Barra, Reino Unido"
BRS,"Brístol, Reino Unido"
BRT,"Bathurst Island, Australia"
BRU,"Bruselas, Bélgica"
BRW,"Barrow, Estados Unidos"
BSA,"Bosaso, Somalia"
BSB,"Brasilia, Brasil"
BSC,"Bahía Solano, Colombia"
BSD,"Baoshan, China"
BSG,"Bata, Guinea Ecuatorial"
BSK,"Biskra, Argelia"
BSL,"Basilea, Suiza"
BSO,"Basco, Filipinas"
BSR,"Basora, Irak"
BTC,"Batticaloa, Sri Lanka"
BTH,"Batam, Indonesia"
BTI,"Barter Island, Estados Unidos"
BTJ,"Banda Aceh, Indonesia"
BTK,"Bratsk, Rusia"
BTM,"Butte, Estados Unidos"
BTR,"Baton Rouge, Estados Unidos"
BTS,"Bratislava, Eslovaquia"
BTT,"Bettles, Estados Unidos"
BTU,"Bintulu, Malasia"
BTV,"Burlington, Estados Unidos"
BUA,"Buka Island, Papúa Nueva Guinea"
BUC,"Burketown, Australia"
BUD,"Budapest, Hungría"
BUF,"Búfalo, Estados Unidos"
BUN,"Buenaventura, Colombia"
BUQ,"Bulawayo, Zimbabue"
BUR,"Burbank, Estados Unidos"
BUS,"Batumi, Georgia"
BUT,"Jakar, Bután"
BUU,"Muara Bungo, Indonesia"
BUW,"Bau-Bau, Indonesia"
BUX,"Bunia, República Democrática del Congo"
BUZ,"Bushehr, Corrí"
BVA,"París, Francia"
BVB,"Boa Vista, Brasil"
BVC,"Boa Vista, Cabo Verde"
BVE,"Brive-la-Gaillarde, Francia"
BVG,"Berlevåg, Noruega"
BVH,"Vilhena, Brasil"
BVI,"Birdsville, Australia"
BVJ,"Bovanenkovo, Rusia"
BVS,"Breves, Brasil"
BWA,"Siddharthanagar, Nepal"
BWE,"Brunswick, Alemania"
BWI,"Washington D. C., Estados Unidos"
BWN,"Bandar Seri Begawan, Brunei"
BWT,"Burnie, Australia"
BWX,"Banyuwangi, Indonesia"
BXB,"Babo, Indonesia"
BXG,"Bendigo, Australia"
BXR,"Bam, Corrí"
BXU,"Butuán, Filipinas"
BYC,"Yacuiba, Bolivia"
BYK,"Bouaké, Costa de Marfil"
BYO,"Bonito, Brasil"
BYP,"Barimunya, Australia"
BYR,"Læsø, Dinamarca"
BZA,"Bonanza, Nicaragua"
BZE,"Ciudad de Belice, Belice"
BZG,"Bydgoszcz, Polonia"
BZK,"Bryansk, Rusia"
BZN,"Bozeman, Estados Unidos"
BZR,"Béziers, Francia"
BZV,"Brazzaville, República del Congo"
BZX,"Enyang, China"
CAC,"Cascavel, Brasil"
CAE,"Columbia, Estados Unidos"
CAF,"Carauari, Brasil"
CAG,"Cagliari, Italia"
CAH,"Ca Mau Province, Vietnam"
CAI,"El Cairo, Egipto"
CAJ,"Canaima National Park, Venezuela"
CAK,"Akron, Estados Unidos"
CAL,"Campbeltown, Reino Unido"
CAN,"Cantón, China"
CAP,"Cabo Haitiano, Haití"
CAT,"Cascais Municipality, Portugal"
CAU,"Caruaru, Brasil"
CAW,"Campos dos Goytacazes, Brasil"
CAY,"Cayena, Guayana francés"
CAZ,"Cobar, Australia"
CBB,"Cochabamba, Bolivia"
CBG,"Cambridge, Reino Unido"
CBH,"Béchar, Argelia"
CBI,"Cape Barren Island, Australia"
CBO,"Cotabato, Filipinas"
CBQ,"Calabar, Nigeria"
CBR,"Canberra, Australia"
CBT,"Catumbela, Angola"
CCC,"Cayo Coco, Cuba"
CCF,"Carcasona, Francia"
CCJ,"Kozhikode, India"
CCK,"Home Island, Cocos (Keeling)"
CCP,"Concepción, Chile"
CCS,"Caracas, Venezuela"
CCU,"Calcuta, India"
CCV,"Craig Cove, Vanuatu"
CDB,"Cold Bay, Estados Unidos"
CDC,"Cedar City, Estados Unidos"
CDE,"Chengde, China"
CDG,"París, Francia"
CDP,"Cuddapah, India"
CDR,"Chadron, Estados Unidos"
CDT,"Castellón de la Plana, España"
CDV,"Cordova, Estados Unidos"
CEB,"Cebú, Filipinas"
CEC,"Crescent City, Estados Unidos"
CED,"Ceduna, Australia"
CEE,"Cherepovéts, Rusia"
CEI,"Provincia de Chiang Rai, Tailandia"
CEK,"Cheliábinsk, Rusia"
CEN,"Ciudad Obregón, México"
CEZ,"Cortez, Estados Unidos"
CFB,"Cabo Frío, Brasil"
CFE,"Clermont-Ferrand, Francia"
CFK,"Chlef, Argelia"
CFN,"Donegal, Irlanda"
CFR,"Caen, Francia"
CFS,"Coffs Harbour, Australia"
CFU,"Corfú, Grecia"
CGA,"Craig, Estados Unidos"
CGB,"Cuiabá, Brasil"
CGD,"Changde, China"
CGH,"São Paulo, Brasil"
CGI,"Cape Girardeau, Estados Unidos"
CGK,"Yakarta, Indonesia"
CGM,"Camiguín, Filipinas"
CGN,"Colonia, Alemania"
CGO,"Zhengzhou, China"
CGP,"Chittagong, Bangladesh"
CGQ,"Changchún, China"
CGR,"Campo Grande, Brasil"
CGY,"Cagayán de Oro, Filipinas"
CHA,"Chattanooga, Estados Unidos"
CHC,"Christchurch, Nueva Zelanda"
CHG,"Chaoyang, China"
CHH,"Chachapoyas, Perú"
CHO,"Charlottesville, Estados Unidos"
CHQ,"La Canea, Grecia"
CHS,"Charleston, Estados Unidos"
CHT,"Waitangi, Nueva Zelanda"
CHU,"Chuathbaluk, Estados Unidos"
CHX,"Changuinola, Panamá"
CHY,"Choiseul Bay, Islas Salomón"
CIA,"Roma, Italia"
CID,"Cedar Rapids, Estados Unidos"
CIF,"Ulanhad, China"
CIH,"Changzhi, China"
CIJ,"Cobija, Bolivia"
CIK,"Chalkyitsik, Estados Unidos"
CIT,"Shymkent, Kazajstán"
CIU,"Sault Sainte Marie, Estados Unidos"
CIX,"Chiclayo, Perú"
CIY,"Comiso, Italia"
CIZ,"Coari, Brasil"
CJA,"Cajamarca, Perú"
CJB,"Coimbatore, India"
CJC,"Calama, Chile"
CJF,"Coondewanna, Australia"
CJJ,"Cheongju, Corea del Sur"
CJL,"Chitral, Pakistán"
CJM,"Provincia de Chumphon, Tailandia"
CJS,"Ciudad Juárez, México"
CJU,"Ciudad de Jeju, Corea del Sur"
CKB,"Clarksburg, Estados Unidos"
CKD,"Crooked Creek, Estados Unidos"
CKG,"Chongqing, China"
CKH,"Chokurdakh, Rusia"
CKS,"Parauapebas, Brasil"
CKX,"Chicken, Estados Unidos"
CKY,"Conakri, Guinea"
CKZ,"Çanakkale, pavo"
CLD,"San Diego, Estados Unidos"
CLE,"Cleveland, Estados Unidos"
CLJ,"Cluj-Napoca, Rumania"
CLL,"College Station, Estados Unidos"
CLO,"Cali, Colombia"
CLP,"Clark's Point, Estados Unidos"
CLQ,"Colima, México"
CLT,"Charlotte, Estados Unidos"
CLV,"Caldas Novas, Brasil"
CLY,"Calvi, Francia"
CMA,"Cunnamulla, Australia"
CMB,"Colombo, Sri Lanka"
CME,"Ciudad del Carmen, México"
CMF,"Chambéry, Francia"
CMG,"Corumbá, Brasil"
CMH,"Columbus, Estados Unidos"
CMI,"Champaign, Estados Unidos"
CMK,"Club Makokola, Malawi"
CMN,"Casablanca, Marruecos"
CMW,"Camagüey, Cuba"
CMX,"Hancock, Estados Unidos"
CNC,"Coconut Island, Australia"
CND,"Constanza, Rumania"
CNF,"Belo Horizonte, Brasil"
CNJ,"Cloncurry, Australia"
CNM,"Carlsbad, Estados Unidos"
CNN,"Kannur, India"
CNP,"Ittoqqortoormiit, Groenlandia"
CNQ,"Corrientes, Argentina"
CNS,"Cairns, Australia"
CNX,"Chiang Mai, Tailandia"
CNY,"Moab, Estados Unidos"
COD,"Cody, Estados Unidos"
COK,"Cochín, India"
COL,"Coll Island, Reino Unido"
COO,"Cotonú, Benin"
COR,"Córdoba (Argentina), Argentina"
COS,"Colorado Springs, Estados Unidos"
COU,"Columbia, Estados Unidos"
CPC,"San Martín de los Andes, Argentina"
CPD,"Coober Pedy, Australia"
CPE,"San Francisco de Campeche, México"
CPF,"Cepu, Indonesia"
CPH,"Copenhague, Dinamarca"
CPO,"Copiapó, Chile"
CPR,"Casper, Estados Unidos"
CPT,"Ciudad del Cabo, Sudáfrica"
CPV,"Campina Grande, Brasil"
CPX,"Culebra, Puerto Rico"
CQD,"Shahre-Kord, Corrí"
CQW,"Wulong, China"
CRA,"Craiova, Rumania"
CRD,"Comodoro Rivadavia, Argentina"
CRI,"Crooked Island, Bahamas"
CRK,"Ángeles, Filipinas"
CRL,"Bruselas, Bélgica"
CRM,"Catarmán, Filipinas"
CRP,"Corpus Christi, Estados Unidos"
CRV,"Crotone, Italia"
CRW,"Charleston, Estados Unidos"
CRZ,"Türkmenabat, Turkmenistán"
CSA,"Colonsay, Reino Unido"
CSG,"Columbus, Estados Unidos"
CSK,"Cap Skiring, Senegal"
CSU,", Brasil"
CSX,"Changshá, China"
CSY,"Cheboksary, Rusia"
CTA,"Catania, Italia"
CTC,"San Fernando del Valle de Catamarca, Argentina"
CTG,"Cartagena de Indias, Colombia"
CTL,"Charleville, Australia"
CTM,"Chetumal, México"
CTN,"Cooktown, Australia"
CTS,"Sapporo, Japón"
CTU,"Chengdú, China"
CUC,"Cúcuta, Colombia"
CUE,"Cuenca, Ecuador"
CUF,"Cuneo, Italia"
CUK,"Caye Caulker, Belice"
CUL,"Culiacán, México"
CUM,"Cumaná, Venezuela"
CUN,"Cancún, México"
CUQ,"Coen, Australia"
CUR,"Willemstad, Curaçao"
CUU,"Chihuahua, México"
CUZ,"Cuzco, Perú"
CVG,"Cincinnati, Estados Unidos"
CVM,"Ciudad Victoria, México"
CVN,"Clovis, Estados Unidos"
CVQ,"Carnarvon, Australia"
CVU,"Isla de Corvo, Portugal"
CWA,"Wausau, Estados Unidos"
CWB,"Curitiba, Brasil"
CWJ,"Cangyuan Va Autonomous County, China"
CWL,"Cardiff, Reino Unido"
CXB,"Cox's Bazar, Bangladesh"
CXH,"Vancouver, Canadá"
CXI,"Kiritimati, Kiribati"
CXJ,"Caxias do Sul, Brasil"
CXR,"Nha Trang, Vietnam"
CYA,"Les Cayes, Haití"
CYB,"Cayman Brac, Islas Caimán"
CYD,"San Ignacio, Belice"
CYF,"Chefornak, Estados Unidos"
CYI,"Chiayi, Taiwán"
CYO,"Cayo Largo del Sur, Cuba"
CYP,"Calbayog, Filipinas"
CYS,"Cheyenne, Estados Unidos"
CYX,"Chersky, Rusia"
CYZ,"Cauayán, Filipinas"
CZH,"Corozal, Belice"
CZL,"Constantina, Argelia"
CZM,"Cozumel, México"
CZN,"Chisana, Estados Unidos"
CZS,"Cruzeiro do Sul, Brasil"
CZU,"Corozal, Colombia"
CZX,"Changzhou, China"
DAB,"Daytona Beach, Estados Unidos"
DAC,"Daca, Bangladesh"
DAD,"Đà Nẵng, Vietnam"
DAL,"Dallas, Estados Unidos"
DAM,"Damascus, Siria"
DAR,"Dar es-Salam, Tanzania"
DAT,"Datong, China"
DAU,"Daru, Papúa Nueva Guinea"
DAV,"David, Panamá"
DAX,"Dazhou, China"
DAY,"Dayton, Estados Unidos"
DBC,"Baicheng, China"
DBO,"Dubbo, Australia"
DBQ,"Dubuque, Estados Unidos"
DBR,"Darbhanga, India"
DBV,"Dubrovnik, Croacia"
DCA,"Washington D. C., Estados Unidos"
DCG,"Dubai Creek, Emiratos Árabes Unidos"
DCM,"Castres, Francia"
DCY,"Daocheng County, China"
DDC,"Dodge City, Estados Unidos"
DDD,"Dhaalu, Maldivas"
DDG,"Dandong, China"
DEB,"Debrecen, Hungría"
DEC,"Decatur, Estados Unidos"
DED,"Dehradun, India"
DEE,"Yuzhno-Kurilsk, Rusia"
DEF,"Dezful, Corrí"
DEL,"Nueva Delhi, India"
DEN,"Denver, Estados Unidos"
DEX,"Yahukimo Regency, Indonesia"
DFW,"Dallas, Estados Unidos"
DGA,"Dangriga, Belice"
DGE,"Mudgee, Australia"
DGO,"Victoria de Durango, México"
DGT,"Dumaguete, Filipinas"
DHG,"Dalnegorsk, Rusia"
DHI,"Dhangadhi, Nepal"
DHM,"Dharamsala, India"
DHN,"Dothan, Estados Unidos"
DIB,"Dibrugarh, India"
DIE,"Antsiranana, Madagascar"
DIG,"Prefectura autónoma tibetana de Dêqên, China"
DIK,"Dickinson, Estados Unidos"
DIL,"Dili, Timor Oriental"
DIN,"Điện Biên Phủ, Vietnam"
DIR,"Dire Dawa, Etiopía"
DIU,"Diu, India"
DIY,"Diyarbakır, pavo"
DJB,"Jambi, Indonesia"
DJE,"Yerba, Túnez"
DJG,"Djanet, Argelia"
DJH,"Jebel Ali, Emiratos Árabes Unidos"
DJJ,"Jayapura, Indonesia"
DJN,"Delta Junction, Estados Unidos"
DKS,"Dikson, Rusia"
DLA,"Duala, Camerún"
DLC,"Dalián, China"
DLE,"Dole, Francia"
DLG,"Dillingham, Estados Unidos"
DLH,"Duluth, Estados Unidos"
DLI,"Đà Lạt, Vietnam"
DLM,"Dalaman, pavo"
DLU,"Ciudad de Dali, China"
DLY,"Dillons Bay, Vanuatu"
DMB,"Taraz, Kazajstán"
DMD,"Doomadgee, Australia"
DME,"Moscú, Rusia"
DMK,"Bangkok, Tailandia"
DMM,"Dammam, Arabia Saudita"
DMU,"Dimapur, India"
DND,"Dundee, Reino Unido"
DNH,"Dunhuang, China"
DNK,"Dnipró, Ucrania"
DNZ,"Denizli, pavo"
DOB,"Dobo, Indonesia"
DOD,"Dodoma, Tanzania"
DOH,"Doha, Katar"
DOL,"Deauville, Francia"
DOM,"Saint Andrew Parish, dominica"
DOP,"Dolpa, Nepal"
DOY,"Dongying, China"
DPB,"Camerón, Chile"
DPL,"Dipólog, Filipinas"
DPO,"Devonport, Australia"
DPS,"Denpasar, Indonesia"
DPT,"Deputatsky, Sakha Republic, Rusia"
DQA,"Daqing, China"
DQM,"Duqm, Omán"
DRB,"Derby, Australia"
DRG,"Deering, Estados Unidos"
DRK,"Bahía Drake, Costa Rica"
DRO,"Durango, Estados Unidos"
DRS,"Dresde, Alemania"
DRT,"Del Rio, Estados Unidos"
DRV,"Dharavandhoo, Maldivas"
DRW,"Darwin, Australia"
DSA,"Doncaster, Reino Unido"
DSE,"Dese, Etiopía"
DSM,"Des Moines, Estados Unidos"
DSN,"Ciudad de Ordos, China"
DSS,"Dakar, Senegal"
DTB,"Siborong-Borong, Indonesia"
DTM,"Dortmund, Alemania"
DTU,"Wudalianchi, China"
DTW,"Detroit, Estados Unidos"
DUB,"Dublín, Irlanda"
DUD,"Dunedin, Nueva Zelanda"
DUE,"Dundo, Angola"
DUJ,"DuBois, Estados Unidos"
DUR,"Durban, Sudáfrica"
DUS,"Düsseldorf, Alemania"
DUT,"Dutch Harbor, Estados Unidos"
DVL,"Devils Lake, Estados Unidos"
DVO,"Dávao, Filipinas"
DWD,"Ad Dawadimi, Arabia Saudita"
DWO,"Sri Jayawardenapura Kotte, Sri Lanka"
DWR,"Dwyer, Afganistán"
DXB,"Dubái, Emiratos Árabes Unidos"
DYG,"Zhangjiajie, China"
DYR,"Anádyr, Rusia"
DYU,"Dusambé, Tayikistán"
DZA,"Mamoudzou, Mayotte"
DZN,"Zhezkazgan, Kazajstán"
EAA,"Eagle, Estados Unidos"
EAE,"Emae, Vanuatu"
EAM,"Najran, Arabia Saudita"
EAR,"Kearney, Estados Unidos"
EAS,"San Sebastián, España"
EAT,"Wenatchee, Estados Unidos"
EAU,"Eau Claire, Estados Unidos"
EBA,"Elba (isla), Italia"
EBB,"Entebbe, Uganda"
EBD,"El Obeid, Sudán"
EBH,"El Bayadh, Argelia"
EBJ,"Esbjerg, Dinamarca"
EBL,"Erbil, Irak"
ECN,"Northern Cyprus, Chipre"
ECP,"Panama City, Estados Unidos"
EDA,"Edna Bay, Estados Unidos"
EDI,"Edimburgo, Reino Unido"
EDL,"Eldoret, Kenia"
EDN,"Yedinka, Rusia"
EDO,"Edremit, pavo"
EDR,"Pormpuraaw, Australia"
EEA,", Brasil"
EEK,"Eek, Estados Unidos"
EFL,"Kefalonia, Grecia"
EGC,"Bergerac, Francia"
EGE,"Vail, Estados Unidos"
EGM,"Seghe, Islas Salomón"
EGN,"Geneina, Sudán"
EGO,"Bélgorod, Rusia"
EGS,"Egilsstaðir, Islandia"
EGX,"Egegik, Estados Unidos"
EIN,"Eindhoven, Países Bajos"
EIS,"Tortola, Islas Vírgenes Británicas"
EJA,"Barrancabermeja, Colombia"
EJH,"Al Wajh, Arabia Saudita"
EJN,"Ejin Banner, China"
EKO,"Elko, Estados Unidos"
EKS,"Shakhtyorsk, Rusia"
ELC,"Elcho Island, Australia"
ELD,"El Dorado, Estados Unidos"
ELF,"El Fasher, Sudán"
ELG,"El Goléa, Argelia"
ELH,"North Eleuthera, Bahamas"
ELI,"Elim, Estados Unidos"
ELM,"Elmira, Estados Unidos"
ELP,"El Paso, Estados Unidos"
ELQ,"Casim, Arabia Saudita"
ELS,"East London, Sudáfrica"
ELU,"El Oued, Argelia"
ELV,"Elfin Cove, Estados Unidos"
EMA,"Nottingham, Reino Unido"
EMD,"Emerald, Australia"
EMR,"El Mirador Heliport, Guatemala"
ENA,"Kenai, Estados Unidos"
ENE,"Ende, Indonesia"
ENH,"Enshi, China"
ENI,"El Nido, Filipinas"
ENU,"Enugu, Nigeria"
ENY,"Yan an, China"
EOH,"Medellín, Colombia"
EPR,"Esperance, Australia"
EQS,"Esquel, Argentina"
ERC,"Erzincan, pavo"
ERF,"Erfurt, Alemania"
ERG,"Yerbogachen, Rusia"
ERH,"Er-Rachidía, Marruecos"
ERI,"Erie, Estados Unidos"
ERL,"Eren Hot, China"
ERM,"Erechim, Brasil"
ERN,"Eirunepé, Brasil"
ERS,"Windhoek, Namibia"
ERZ,"Erzurum, pavo"
ESB,"Ankara, pavo"
ESC,"Escanaba, Estados Unidos"
ESD,"Eastsound, Estados Unidos"
ESL,"Elistá, Rusia"
ESU,"Esauira, Marruecos"
ETL,"Svetlaya, Rusia"
ETM,"Eilat, Israel"
ETZ,"Nancy, Francia"
EUG,"Eugene, Estados Unidos"
EUN,"Laayoune, Marruecos"
EUQ,"San José de Labangán, Filipinas"
EUX,"San Eustaquio, Caribe Países Bajos"
EVE,"Narvik, Noruega"
EVG,"Sveg, Suecia"
EVN,"Ereván, Armenia"
EVV,"Evansville, Estados Unidos"
EWB,"New Bedford, Estados Unidos"
EWE,", Indonesia"
EWN,"New Bern, Estados Unidos"
EWR,"Nueva York, Estados Unidos"
EXI,"Excursion Inlet, Estados Unidos"
EXT,"Exeter, Reino Unido"
EYK,"Beloyarsky, Rusia"
EYP,"Yopal, Colombia"
EYW,"Cayo Hueso, Estados Unidos"
EZE,"Buenos Aires, Argentina"
EZS,"Elazığ, pavo"
EZV,"Beriózovo, Rusia"
FAC,"Faaite, Polinesia francés"
FAE,"Sørvágur, Islas Faroe"
FAH,"Farāh, Afganistán"
FAI,"Fairbanks, Estados Unidos"
FAO,"Faro, Portugal"
FAR,"Fargo, Estados Unidos"
FAT,"Fresno, Estados Unidos"
FAV,"Fakarava, Polinesia francés"
FAY,"Fayetteville, Estados Unidos"
FBM,"Lubumbashi, República Democrática del Congo"
FCA,"Kalispell, Estados Unidos"
FCO,"Roma, Italia"
FDE,"Førde, Noruega"
FDF,"Fort-de-France, Martinica"
FDH,"Friedrichshafen, Alemania"
FEG,"Ferganá, Uzbekistán"
FEN,"Fernando de Noronha, Brasil"
FEZ,"Fez, Marruecos"
FGU,"Fangatau, Polinesia francés"
FHZ,"Fakahina, Polinesia francés"
FIE,"Fair Isle, Reino Unido"
FIH,"Kinshasa, República Democrática del Congo"
FIZ,"Fitzroy Crossing, Australia"
FJR,"Fujairah, Emiratos Árabes Unidos"
FKB,"Karlsruhe, Alemania"
FKI,"Kisangani, República Democrática del Congo"
FKQ,"Fakfak, Indonesia"
FKS,"Fukushima, Japón"
FLA,"Florencia, Colombia"
FLG,"Grand Canyon Village, Estados Unidos"
FLL,"Fort Lauderdale, Estados Unidos"
FLN,"Florianópolis, Brasil"
FLO,"Florence, Estados Unidos"
FLR,"Florencia, Italia"
FLS,"Isla Flinders, Australia"
FLW,"Flores Island, Portugal"
FLZ,"Sibolga, Indonesia"
FMA,"Formosa, Argentina"
FMI,"Kalemie, República Democrática del Congo"
FMM,"Memmingen, Alemania"
FMO,"Münster, Alemania"
FNA,"Freetown, Sierra Leona"
FNC,"Madeira, Portugal"
FNI,"Nimes, Francia"
FNL,"Fort Collins/Loveland, Estados Unidos"
FNT,"Flint, Estados Unidos"
FOA,"Foula, Reino Unido"
FOC,"Fuzhou, China"
FOD,"Fort Dodge, Estados Unidos"
FOG,"Foggia, Italia"
FON,"La Fortuna, Costa Rica"
FOR,"Fortaleza, Brasil"
FPO,"Freeport, Bahamas"
FRA,"Fráncfort del Meno, Alemania"
FRD,"Eastsound, Estados Unidos"
FRE,"Fera Island, Islas Salomón"
FRL,"Bolonia Forlì, Italia"
FRO,"Florø, Noruega"
FRS,"Flores, Guatemala"
FRU,"Biskek, Kirguizistán"
FRW,"Francistown, Botswana"
FSC,"Figari, Francia"
FSD,"Sioux Falls, Estados Unidos"
FSM,"Fort Smith, Estados Unidos"
FSP,"San Pedro, San Pedro y Miquelón"
FSZ,"Shizuoka, Japón"
FTA,"Futuna, Vanuatu"
FTE,"El Calafate, Argentina"
FTU,"Tôlanaro, Madagascar"
FUE,"Fuerteventura, España"
FUG,"Fuyang, China"
FUJ,"Fukue Island, Japón"
FUK,"Fukuoka, Japón"
FUN,"Funafuti, Tuvalu"
FUO,"Foshan, China"
FUT,"Futuna, Wallis y Futuna"
FWA,"Fort Wayne, Estados Unidos"
FYJ,"Fuyuan, Heilongjiang, China"
FYN,"Fuyun County, China"
FYT,"Faya-Largeau, Chad"
FYU,"Fort Yukón, Estados Unidos"
GAE,"Gabès, Túnez"
GAJ,"Yamagata, Japón"
GAL,"Galena, Estados Unidos"
GAM,"Gambell, Estados Unidos"
GAN,"Gan, Maldivas"
GAU,"Guwahati, India"
GAY,"Gaya, India"
GBE,"Gaborone, Botswana"
GBI,"Kalaburagi, India"
GBT,"Gorgan, Corrí"
GCC,"Gillette, Estados Unidos"
GCH,"Gachsaran, Corrí"
GCI,"Guernsey, Guernesey"
GCK,"Garden City, Estados Unidos"
GCM,"Grand Cayman, Islas Caimán"
GCN,"Grand Canyon Village, Estados Unidos"
GCW,"Grand Canyon West, Arizona, Estados Unidos"
GDE,"Gode, Etiopía"
GDL,"Guadalajara, México"
GDN,"Gdansk, Polonia"
GDQ,"Gondar, Etiopía"
GDT,"Cockburn Town, Turks y Caicos"
GDV,"Glendive, Estados Unidos"
GDX,"Magadán, Rusia"
GDZ,"Gelendzhik, Rusia"
GEA,"Numea, Nueva Caledonia"
GEG,"Spokane, Estados Unidos"
GEL,"Santo Ângelo, Brasil"
GEM,"Mongomo, Guinea Ecuatorial"
GEO,"Georgetown, Guayana"
GER,"Nueva Gerona, Cuba"
GES,"General Santos, Filipinas"
GET,"Geraldton, Australia"
GEV,"Gällivare, Suecia"
GFF,"Griffith, Australia"
GFK,"Grand Forks, Estados Unidos"
GFN,"Grafton, Australia"
GGB,"Agua Boa, Brasil"
GGF,"Almeirim, Brasil"
GGG,"Longview, Estados Unidos"
GGR,"Garoe, Somalia"
GGT,"George Town, Bahamas"
GGW,"Glasgow, Estados Unidos"
GHA,"Gardaya, Argelia"
GHB,"Governor's Harbour, Bahamas"
GIB,"Gibraltar, Gibraltar"
GIC,"Boigu Island, Australia"
GIG,"Río de Janeiro, Brasil"
GIL,"Gilgit, Pakistán"
GIS,"Gisborne, Nueva Zelanda"
GIT,"Geita, Tanzania"
GIU,"Sigiriya, Sri Lanka"
GIZ,"Jizán, Arabia Saudita"
GJA,"Guanaja, Honduras"
GJL,"Jijel, Argelia"
GJT,"Grand Junction, Estados Unidos"
GKA,"Goroka, Papúa Nueva Guinea"
GLA,"Glasgow, Reino Unido"
GLF,"Cantón de Golfito, Costa Rica"
GLH,"Greenville, Estados Unidos"
GLK,"Galcaio, Somalia"
GLN,"Guelmim, Marruecos"
GLT,"Gladstone, Australia"
GLU,"Gelephu, Bután"
GLV,"Golovin, Estados Unidos"
GMA,"Gemena, República Democrática del Congo"
GMB,"Gambela, Etiopía"
GME,"Homieĺ, Bielorrusia"
GMO,"Gombe, Nigeria"
GMP,"Seúl, Corea del Sur"
GMQ,"Prefectura autónoma tibetana de Golog, China"
GMR,"Totegegie, Polinesia francés"
GMZ,"San Sebastián de La Gomera, España"
GNB,"Grenoble, Francia"
GND,"St George's, Granada"
GNJ,", Azerbaiyán"
GNM,"Guanambi, Brasil"
GNS,"Gunungsitoli, Indonesia"
GNU,"Goodnews Bay, Estados Unidos"
GNV,"Gainesville, Estados Unidos"
GNY,"Sanliurfa, pavo"
GOA,"Génova, Italia"
GOB,"Goba, Etiopía"
GOH,"Nuuk, Groenlandia"
GOI,"Goa, India"
GOJ,"Nizhni Nóvgorod, Rusia"
GOM,"Goma, República Democrática del Congo"
GOP,"Gorakhpur, India"
GOQ,"Golmud, China"
GOT,"Gotemburgo, Suecia"
GOU,"Garua, Camerún"
GOV,"Nhulunbuy, Australia"
GPA,"Patras, Grecia"
GPB,"Guarapuava, Brasil"
GPI,"Guapi, Colombia"
GPS,"Isla Baltra, Ecuador"
GPT,"Gulfport, Estados Unidos"
GRB,"Green Bay, Estados Unidos"
GRI,"Grand Island, Estados Unidos"
GRJ,"George, Sudáfrica"
GRK,"Killeen, Estados Unidos"
GRO,"Gerona, España"
GRQ,"Groninga, Países Bajos"
GRR,"Grand Rapids, Estados Unidos"
GRU,"São Paulo, Brasil"
GRV,"Grozni, Rusia"
GRW,"Isla Graciosa, Portugal"
GRX,"Granada, España"
GRY,"Grímsey, Islandia"
GRZ,"Graz, Austria"
GSM,"Qeshm, Corrí"
GSO,"Greensboro, Estados Unidos"
GSP,"Greenville, Estados Unidos"
GST,"Gustavus, Estados Unidos"
GSV,"Saratov, Rusia"
GTE,"Groote Eylandt, Australia"
GTF,"Great Falls, Estados Unidos"
GTO,"Gorontalo, Indonesia"
GTR,"Columbus, Estados Unidos"
GTS,"The Granites, Australia"
GTZ,"Grumeti Game Reserve, Tanzania"
GUA,"Guatemala, Guatemala"
GUC,"Gunnison, Estados Unidos"
GUM,"Hagåtña, Guam"
GUO,"Guri el, Somalia"
GUR,"Alotau, Papúa Nueva Guinea"
GUW,"Atirau, Kazajstán"
GVA,"Ginebra, Suiza"
GVN,", Rusia"
GVR,"Governador Valadares, Brasil"
GWD,"Gwadar, Pakistán"
GWL,"Gwalior, India"
GWT,"Westerland, Alemania"
GXF,"Seiyun, Yemen"
GXH,"Xiahe, China"
GYA,"Guayaramerín, Bolivia"
GYD,"Bakú, Azerbaiyán"
GYE,"Guayaquil, Ecuador"
GYN,"Goiânia, Brasil"
GYS,"Guangyuan, China"
GYU,"Guyuan County, China"
GZG,"Ganzi, China"
GZO,"Gizo, Islas Salomón"
GZP,"Gazipaşa, pavo"
GZT,"Gaziantep, pavo"
HAA,"Hasvik, Noruega"
HAC,"Hachijōjima, Japón"
HAD,"Halmstad, Suecia"
HAH,"Moroni, Comoras"
HAJ,"Hannover, Alemania"
HAK,"Haikou, China"
HAM,"Hamburgo, Alemania"
HAN,"Hanói, Vietnam"
HAS,"Haíl, Arabia Saudita"
HAU,"Haugesund, Noruega"
HAV,"La Habana, Cuba"
HAY,"Aguachica, Colombia"
HBA,"Hobart, Australia"
HBE,"Alejandría, Egipto"
HBQ,"Qilian, China"
HBX,"Hubli, India"
HCJ,"Hechi, China"
HCQ,"Halls Creek, Australia"
HCR,"Holy Cross, Estados Unidos"
HCZ,", China"
HDF,"Heringsdorf, Alemania"
HDG,"Handan, China"
HDN,"Hayden, Estados Unidos"
HDS,"Hoedspruit, Limpopo, Sudáfrica"
HDY,"Hat Yai, Tailandia"
HEA,"Herāt, Afganistán"
HEH,"Heho, Myanmar (Burma)"
HEK,"Heihe, China"
HEL,"Helsinki, Finlandia"
HER,"Heraclión, Grecia"
HET,"Hohhot, China"
HFE,"Hefei, China"
HFN,"Höfn, Islandia"
HFS,"Hagfors, Suecia"
HFT,"Hammerfest, Noruega"
HGA,"Hargeisa, Somalia"
HGD,"Hughenden, Australia"
HGH,"Hangzhou, China"
HGN,"Provincia de Mae Hong Son, Tailandia"
HGO,"Korhogo, Costa de Marfil"
HGR,"Hagerstown, Estados Unidos"
HGU,"Mount Hagen, Papúa Nueva Guinea"
HHH,"Hilton Head Island, Estados Unidos"
HHN,"Fráncfort del Meno, Alemania"
HHQ,"Tambon Hua Hin, Tailandia"
HHR,"Hawthorne, Estados Unidos"
HHZ,"Hikueru, Polinesia francés"
HIA,"Huai an, China"
HIB,"Hibbing, Estados Unidos"
HID,"Horn Island, Australia"
HIJ,"Hiroshima, Japón"
HIN,"Jinju, Corea del Sur"
HIR,"Honiara, Islas Salomón"
HJJ,"Huaihua, China"
HKB,"Healy Lake, Estados Unidos"
HKD,"Hakodate, Japón"
HKG,"Hong Kong, Hong Kong"
HKK,"Hokitika, Nueva Zelanda"
HKN,"Hoskins, Papúa Nueva Guinea"
HKR,"Masái Mara, Kenia"
HKT,"Phuket City, Tailandia"
HLA,"Johannesburgo, Sudáfrica"
HLD,"Hailar, China"
HLE,"Jamestown, Santa Elena"
HLH,"Ulanhot, China"
HLN,"Helena, Estados Unidos"
HLP,"Yakarta, Indonesia"
HLZ,"Hamilton, Nueva Zelanda"
HMA,"Janti-Mansisk, Rusia"
HMB,"Suhag, Egipto"
HME,"Hassi Messaoud, Argelia"
HMI,"Kumul, China"
HMO,"Hermosillo, México"
HMV,"Hemavan, Suecia"
HNA,"Hanamaki, Japón"
HND,"Tokio, Japón"
HNH,"Hoonah, Estados Unidos"
HNL,"Honolulu, Estados Unidos"
HNM,"Hana, Estados Unidos"
HNS,"Haines, Estados Unidos"
HNY,"Hengyang, China"
HOB,"Hobbs, Estados Unidos"
HOF,"Hofuf, Arabia Saudita"
HOG,"Holguín, Cuba"
HOI,"Hao, Polinesia francés"
HOM,"Homer, Estados Unidos"
HOR,"Horta, Portugal"
HOT,"Hot Springs, Estados Unidos"
HOU,"Houston, Estados Unidos"
HOV,"Volda, Noruega"
HOX,"Homalin, Myanmar (Burma)"
HPB,"Hooper Bay, Estados Unidos"
HPG,"Shennongjia, China"
HPH,"Hải Phòng, Vietnam"
HPN,"Condado de Westchester, Estados Unidos"
HRB,"Harbin, China"
HRE,"Harare, Zimbabue"
HRG,"Hurgada, Egipto"
HRI,"Hambantota, Sri Lanka"
HRK,"Járkov, Ucrania"
HRL,"Harlingen, Estados Unidos"
HRO,"Harrison, Estados Unidos"
HSA,"Turkistan, Kazajstán"
HSC,"Shaoguan, China"
HSG,"Saga, Japón"
HSL,"Huslia, Estados Unidos"
HSN,"Zhoushan, China"
HSV,"Huntsville, Estados Unidos"
HTA,"Chitá, Rusia"
HTG,"Khatanga, Rusia"
HTI,"Isla Hamilton, Australia"
HTN,"Ciudad de Jotán, China"
HTS,"Huntington, Estados Unidos"
HTT,"Mangnai, China"
HTY,"Provincia de Hatay, pavo"
HUH,"Huahine, Polinesia francés"
HUI,"Huế, Vietnam"
HUN,"Condado de Hualien, Taiwán"
HUO,"Holin Gol, China"
HUS,"Hughes, Estados Unidos"
HUU,"Huánuco, Perú"
HUX,"Santa María Huatulco, México"
HUY,"Kirmington, Reino Unido"
HUZ,"Huizhou, China"
HVB,"Hervey Bay, Australia"
HVD,"Hovd, Mongolia"
HVG,"Honningsvåg, Noruega"
HVN,"New Haven, Estados Unidos"
HVR,"Havre, Estados Unidos"
HXD,"Delingha, China"
HYA,"Hyannis, Estados Unidos"
HYD,"Hyderabad, India"
HYG,"Hydaburg, Estados Unidos"
HYN,"Taizhou, China"
HYS,"Hays, Estados Unidos"
HZA,"Heze, China"
HZG,"Hanzhong, China"
HZH,"Liping, China"
HZK,"Húsavík, Islandia"
IAA,"Igarka, Rusia"
IAD,"Washington D. C., Estados Unidos"
IAG,"Niagara Falls, Estados Unidos"
IAH,"Houston, Estados Unidos"
IAM,"In Amenas, Argelia"
IAN,"Kiana, Estados Unidos"
IAO,"Del Carmen, Filipinas"
IAR,"Yaroslavl, Rusia"
IAS,"Iași, Rumania"
IBA,"Ibadán, Nigeria"
IBE,"Ibagué, Colombia"
IBR,"Ibaraki, Japón"
IBZ,"Ibiza, España"
ICI,"Cicia, Fiji"
ICN,"Seúl, Corea del Sur"
ICT,"Wichita, Estados Unidos"
IDA,"Idaho Falls, Estados Unidos"
IDR,"Indore, India"
IEG,"Zielona Góra, Polonia"
IEV,"Kiev, Ucrania"
IFJ,"Ísafjörður, Islandia"
IFN,"Isfahán, Corrí"
IFO,"Ivano-Frankivsk, Ucrania"
IGA,"Inagua, Bahamas"
IGD,"Iğdır, pavo"
IGG,"Igiugig, Estados Unidos"
IGR,"Puerto Iguazú, Argentina"
IGT,"Nazrán, Rusia"
IGU,"Foz do Iguaçu, Brasil"
IHR,"Iranshahr, Corrí"
IIL,"Ilam, Corrí"
IJK,"Izhevsk, Rusia"
IKA,"Teherán, Corrí"
IKE,"Ikerasak, Groenlandia"
IKI,"Iki, Japón"
IKS,"Tiksi, Rusia"
IKT,"Irkutsk, Rusia"
IKU,"Tamchy, Kirguizistán"
ILD,"Lérida, España"
ILG,"Wilmington, Estados Unidos"
ILI,"Iliamna, Estados Unidos"
ILM,"Wilmington, Estados Unidos"
ILO,"Iloílo, Filipinas"
ILP,"Isle of Pines, Nueva Caledonia"
ILQ,"Ilo, Perú"
ILR,"Ilorin, Nigeria"
ILY,"Islay, Reino Unido"
IMF,"Imfal, India"
IMK,"Simikot, Nepal"
IMP,"Imperatriz, Brasil"
IMT,"Iron Mountain, Estados Unidos"
INA,"Inta, Rusia"
INB,"Mango Creek, Belice"
INC,"Yinchuan, China"
IND,"Indianápolis, Estados Unidos"
INF,"In Guezzam, Argelia"
INH,"Inhambane, Mozambique"
INI,"Niš, Serbia"
INL,"International Falls, Estados Unidos"
INN,"Innsbruck, Austria"
INU,"Yaren, Nauru"
INV,"Inverness, Reino Unido"
INZ,"In Salah, Argelia"
IOA,"Ioánina, Grecia"
IOM,"Douglas, Isla del hombre"
IOQ,"Isertoq, Groenlandia"
IOS,"Ilhéus, Brasil"
IPA,"Ipota, Vanuatu"
IPC,"Isla de Pascua, Chile"
IPH,"Ipoh, Malasia"
IPI,"Ipiales, Colombia"
IPL,"El Centro, Estados Unidos"
IPN,"Ipatinga, Brasil"
IQA,"Al Asad, Irak"
IQM,"Qiemo, China"
IQN,"Qingyang, China"
IQQ,"Iquique, Chile"
IQT,"Iquitos, Perú"
IRA,"Kirakira, Islas Salomón"
IRG,"Lockhart River, Australia"
IRI,"Nduli, Tanzania"
IRJ,"La Rioja, Argentina"
IRK,"Kirksville, Estados Unidos"
IRM,"Igrim, Rusia"
IRP,"Isiro, República Democrática del Congo"
ISA,"Mount Isa, Australia"
ISB,"Islamabad, Pakistán"
ISC,"St Mary's, Reino Unido"
ISE,"Isparta, pavo"
ISG,"Ishigaki, Japón"
ISK,"Nashik, India"
ISP,"Islip, Estados Unidos"
IST,"Estambul, pavo"
ISU,"Solimania, Irak"
ITB,"Itaituba, Brasil"
ITH,"Ithaca, Estados Unidos"
ITM,"Osaka, Japón"
ITO,"Hilo, Estados Unidos"
ITU,"Iturup, Rusia"
IUE,"Alofi, Niue"
IUI,"Innaarsuit, Groenlandia"
IVC,"Invercargill, Nueva Zelanda"
IVL,"Ivalo, Finlandia"
IVR,"Inverell, Australia"
IWA,"Ivánovo, Rusia"
IWD,"Ironwood, Estados Unidos"
IWJ,"Masuda, Japón"
IWK,"Iwakuni, Japón"
IXA,"Agartala, India"
IXB,"Bagdogra, India"
IXC,"Chandigarh, India"
IXD,"Allahabad, India"
IXE,"Mangalore, India"
IXG,"Belgaum, India"
IXI,"Distrito de Lakhimpur, India"
IXJ,"Jammu, India"
IXK,"Junagadh / Veraval, India"
IXL,"Leh, India"
IXM,"Madurai, India"
IXP,"Pathankot, India"
IXR,"Ranchi, India"
IXS,"Silchar, India"
IXT,"Pasighat, India"
IXU,"Aurangabad, India"
IXX,"Bidar, India"
IXY,"Kandla, India"
IXZ,"Port Blair, India"
IZA,"Juiz de Fora, Brasil"
IZO,"Izumo, Japón"
IZT,"Ciudad Ixtepec, México"
JAC,"Jackson, Estados Unidos"
JAE,"Jaén, Perú"
JAF,"Jaffna, Sri Lanka"
JAI,"Jaipur, India"
JAN,"Jackson, Estados Unidos"
JAR,"Jahrom, Corrí"
JAU,"Jauja, Perú"
JAV,"Ilulissat, Groenlandia"
JAX,"Jacksonville, Estados Unidos"
JBQ,"Santo Domingo, República Dominicana"
JBR,"Jonesboro, Estados Unidos"
JBS,"São Borja, Brasil"
JCH,"Qasigiannguit, Groenlandia"
JCK,"Julia Creek, Australia"
JCU,"Ceuta, España"
JDH,"Jodhpur, India"
JDO,"Juazeiro do Norte, Brasil"
JDZ,"Jingdezhen, China"
JED,"Yeda, Arabia Saudita"
JEE,"Jérémie, Haití"
JEG,"Aasiaat, Groenlandia"
JEK,"Lower Zambezi National Park, Zambia"
JER,"Saint Helier, Jersey"
JFK,"Nueva York, Estados Unidos"
JFR,"Paamiut, Groenlandia"
JGA,"Jamnagar, India"
JGB,"Jagdalpur, India"
JGD,"Jiagedaqi, China"
JGN,"Jiayuguan, China"
JGO,"Qeqertarsuaq, Groenlandia"
JGS,"Ji an, China"
JHB,"Johor Bahru, Malasia"
JHG,"Jinghong, China"
JHM,"Kapalua, Estados Unidos"
JHS,"Sisimiut, Groenlandia"
JIA,"Juína, Brasil"
JIB,"Balbala, Djibouti"
JIC,"Jinchang, China"
JIJ,"Jijiga, Etiopía"
JIK,"Icaria, Grecia"
JIM,"Jima, Etiopía"
JIN,"Jinja, Uganda"
JIQ,"Distrito de Qianjiang, China"
JIU,"Jiujiang, China"
JJD,"Cruz, Brasil"
JJG,"Jaguaruna, Brasil"
JJN,"Quanzhou, China"
JJU,"Qaqortoq, Groenlandia"
JKH,"Chios, Grecia"
JKL,"Kálimnos, Grecia"
JKR,"Janakpur, Nepal"
JLN,"Joplin, Estados Unidos"
JLR,"Jabalpur, India"
JMJ,"Lancang Lahu Autonomous County, China"
JMK,"Miconos, Grecia"
JMO,"Jomsom, Nepal"
JMS,"Jamestown, Estados Unidos"
JMU,"Jiamusi, China"
JNB,"Johannesburgo, Sudáfrica"
JNG,"Jining, China"
JNN,"Nanortalik, Groenlandia"
JNS,"Narsaq, Groenlandia"
JNU,"Juneau, Estados Unidos"
JNX,"Naxos, Grecia"
JNZ,"Jinzhou, China"
JOE,"Joensuu, Finlandia"
JOG,"Yogyakarta, Indonesia"
JOI,"Joinville, Brasil"
JOS,"Jos, Nigeria"
JPA,"João Pessoa, Brasil"
JPE,", Brasil"
JPO,"Patos, Brasil"
JPR,"Ji-Paraná, Brasil"
JQA,"Qaarsut, Groenlandia"
JRG,"Jharsuguda, India"
JRH,"Jorhat, India"
JRO,"Mount Kilimanjaro, Tanzania"
JRT,"Juruti, Brasil"
JSA,"Jaisalmer, India"
JSH,"Sitía, Grecia"
JSI,"Scíathos, Grecia"
JSJ,"Jiansanjiang, China"
JSR,"Jessore, Bangladesh"
JST,"Johnstown, Estados Unidos"
JSU,"Maniitsoq, Groenlandia"
JSY,"Siros, Grecia"
JTC,"Bauru, Brasil"
JTR,"Santorini, Grecia"
JTY,"Astypalaia, Grecia"
JUB,"Yuba, Sudán del Sur"
JUH,"Chizhou, China"
JUJ,"San Salvador de Jujuy, Argentina"
JUK,"Ukkusissat, Groenlandia"
JUL,"Juliaca, Perú"
JUM,"Jumla, Nepal"
JUV,"Upernavik, Groenlandia"
JUZ,"Quzhou, China"
JXA,"Jixi, China"
JYR,"Jiroft, Corrí"
JYV,"Jyväskylä, Finlandia"
JZH,"Jiuzhaigou County, China"
KAD,"Kaduna, Nigeria"
KAE,"Kake, Estados Unidos"
KAJ,"Kajaani, Finlandia"
KAL,"Kaltag, Estados Unidos"
KAN,"Kano, Nigeria"
KAO,"Kuusamo, Finlandia"
KAW,"Kawthaung Township, Myanmar (Burma)"
KBC,"Birch Creek, Estados Unidos"
KBH,"Kahama, Tanzania"
KBK,", India"
KBL,"Kabul, Afganistán"
KBP,"Kiev, Ucrania"
KBR,"Kota Bharu, Malasia"
KBU,"Kotabaru Regency, Indonesia"
KBV,"Krabi, Tailandia"
KCA,"Kuqa County, China"
KCC,"Coffman Cove, Estados Unidos"
KCH,"Kuching, Malasia"
KCK,"Kírensk, Rusia"
KCM,"Kahramanmaraş, pavo"
KCO,"Kocaeli, pavo"
KCT,"Koggala, Sri Lanka"
KCZ,"Kōchi, Japón"
KDH,"Kandahar, Afganistán"
KDI,"Kendari, Indonesia"
KDL,"Kärdla, Estonia"
KDU,"Skardu, Pakistán"
KDV,"Kadavu Island, Fiji"
KEB,"Nanwalek, Estados Unidos"
KEF,"Reikiavik, Islandia"
KEJ,"Kémerovo, Rusia"
KEK,"Ekwok, Estados Unidos"
KEM,"Kemi, Finlandia"
KEO,"Odienné, Costa de Marfil"
KEP,"Nepalgunj, Nepal"
KER,"Kerman, Corrí"
KET,"Kengtung, Myanmar (Burma)"
KEU,"Masái Mara, Kenia"
KEW,"Keewaywin, Canadá"
KFS,"Kastamonu, pavo"
KGA,"Kananga, República Democrática del Congo"
KGC,"Kingscote, Australia"
KGD,"Kaliningrado, Rusia"
KGE,"Kaghau Island, Islas Salomón"
KGF,"Karagandá, Kazajstán"
KGI,"Kalgoorlie, Australia"
KGK,"Koliganek, Estados Unidos"
KGL,"Kigali, Ruanda"
KGP,"Kogalym, Rusia"
KGQ,"Kangersuatsiaq, Groenlandia"
KGS,"Isla de Cos, Grecia"
KGT,"Kangding, China"
KGX,"Grayling, Estados Unidos"
KHD,"Khorramabad, Corrí"
KHE,"Jersón, Ucrania"
KHG,"Kasgar, China"
KHH,"Kaohsiung, Taiwán"
KHI,"Karachi, Pakistán"
KHK,"Kharg, Corrí"
KHM,"Khamti, Myanmar (Burma)"
KHN,"Nanchang, China"
KHQ,"Kullorsuaq, Groenlandia"
KHS,"Jasab, Omán"
KHV,"Jabárovsk, Rusia"
KHX,"Kihihi, Uganda"
KHY,"Khoy, Corrí"
KHZ,"Kauehi, Polinesia francés"
KIE,"Kieta, Papúa Nueva Guinea"
KIF,"Kingfisher Lake, Canadá"
KIH,"Kish Island, Corrí"
KIJ,"Niigata, Japón"
KIM,"Kimberley, Sudáfrica"
KIN,"Kingston, Jamaica"
KIO,"Kili Island, Islas Marshall"
KIR,"Condado de Kerry, Irlanda"
KIS,"Kisumu, Kenia"
KIT,"Kythira, Grecia"
KIV,"Chisináu, Moldavia"
KIX,"Osaka, Japón"
KJA,"Krasnoyarsk, Rusia"
KJB,"Kurnool, India"
KJH,"Huangping County, China"
KJI,"Burqin, China"
KKA,"Koyuk, Estados Unidos"
KKB,"Kitoi Bay, Estados Unidos"
KKC,"Khon Kaen, Tailandia"
KKE,"Kerikeri, Nueva Zelanda"
KKH,"Kongiganak, Estados Unidos"
KKI,"Akiachak, Estados Unidos"
KKJ,"Kitakyushu, Japón"
KKN,"Kirkenes, Noruega"
KKR,"Kaukura, Polinesia francés"
KKS,"Kashan, Corrí"
KKX,"Kikaiga Shima, Japón"
KLB,"Kalabo District, Zambia"
KLF,"Kaluga, Rusia"
KLG,"Upper Kalskag, Estados Unidos"
KLH,"Kolhapur, India"
KLN,"Larsen Bay, Estados Unidos"
KLO,"Kalibo, Filipinas"
KLR,"Kalmar, Suecia"
KLU,"Klagenfurt, Austria"
KLW,"Klawock, Estados Unidos"
KLX,"Kalamata, Grecia"
KME,"Cyangugu, Ruanda"
KMG,"Kunmíng, China"
KMI,"Miyazaki, Japón"
KMJ,"Kumamoto, Japón"
KMO,"Manokotak, Estados Unidos"
KMQ,"Komatsu, Japón"
KMS,"Kumasi, Ghana"
KMU,"Kismayo, Somalia"
KMV,"Kalay, Myanmar (Burma)"
KMY,"Moser Bay, Estados Unidos"
KND,"Kindu, República Democrática del Congo"
KNG,"Kaimana, Indonesia"
KNH,"Kinmen, Taiwán"
KNK,"Kakhonak, Estados Unidos"
KNO,"Medan, Indonesia"
KNQ,"Kone, Nueva Caledonia"
KNS,"Isla King, Australia"
KNU,"Kanpur, India"
KNW,"New Stuyahok, Estados Unidos"
KNX,"Kununurra, Australia"
KOA,"Kailua, Estados Unidos"
KOC,"Koumac, Nueva Caledonia"
KOE,"Kupang, Indonesia"
KOI,"Kirkwall, Reino Unido"
KOJ,"Kagoshima, Japón"
KOK,"Kokkola, Finlandia"
KOP,"Provincia de Nakhon Phanom, Tailandia"
KOS,"Ciudad de Sihanoukville, Camboya"
KOV,"Kokshetau, Kazajstán"
KOW,"Ganzhou, China"
KOY,"Olga Bay, Estados Unidos"
KOZ,"Ouzinkie, Estados Unidos"
KPB,"Point Baker, Estados Unidos"
KPN,"Kipnuk, Estados Unidos"
KPO,"Pohang, Corea del Sur"
KPR,"Port Williams, Estados Unidos"
KPV,"Perryville, Estados Unidos"
KPW,"Keperveyem, Rusia"
KPY,"Port Bailey, Estados Unidos"
KQH,"Kishangarh, India"
KQT,"Qurghonteppa, Tayikistán"
KRF,"Kramfors / Sollefteå, Suecia"
KRK,"Cracovia, Polonia"
KRL,"Korla, China"
KRN,"Kiruna, Suecia"
KRO,"Kurgán, Rusia"
KRP,"Karup, Dinamarca"
KRR,"Krasnodar, Rusia"
KRS,"Kristiansand, Noruega"
KRT,"Jartum, Sudán"
KRW,"Turkmenbashi, Turkmenistán"
KRY,"Karamay, China"
KSA,"Kosrae, micronesia"
KSC,"Košice, Eslovaquia"
KSE,"Kasese, Uganda"
KSF,"Kassel, Alemania"
KSH,"Kermanshah, Corrí"
KSJ,"Kasos, Grecia"
KSL,"Kassala, Sudán"
KSM,"St. Mary s, Estados Unidos"
KSN,"Kostanay, Kazajstán"
KSO,"Kastoriá, Grecia"
KSQ,"Qarshi, Uzbekistán"
KSU,"Kristiansund, Noruega"
KSY,"Kars, pavo"
KTA,"Karratha, Australia"
KTB,"Thorne Bay, Estados Unidos"
KTG,"Ketapang, Indonesia"
KTJ,"Masái Mara, Kenia"
KTM,"Katmandú, Nepal"
KTN,"Ketchikan, Estados Unidos"
KTR,"Katherine, Australia"
KTS,"Brevig Mission, Estados Unidos"
KTT,"Kittilä, Finlandia"
KTW,"Katowice, Polonia"
KUA,"Kuantan, Malasia"
KUC,"Kuria, Kiribati"
KUD,"Kudat, Malasia"
KUF,"Samara, Rusia"
KUG,"Moa Island, Australia"
KUH,"Kushiro, Japón"
KUK,"Kasigluk, Estados Unidos"
KUL,"Kuala Lumpur, Malasia"
KUM,"Yakushima, Japón"
KUN,"Kaunas, Lituania"
KUO,"Kuopio, Finlandia"
KUS,"Kulusuk, Groenlandia"
KUT,"Kutaisi, Georgia"
KUU,"Kullu, India"
KUV,"Gunsan, Corea del Sur"
KUZ,"Kuummiit, Groenlandia"
KVA,"Kavala, Grecia"
KVG,"Kavieng, Papúa Nueva Guinea"
KVK,"Kírovsk, Rusia"
KVL,"Kivalina, Estados Unidos"
KVO,"Kraljevo, Serbia"
KVR,"Kavalerovo, Rusia"
KVX,"Kírov, Rusia"
KWA,"Kwajalein Atoll, Islas Marshall"
KWE,"Guiyang, China"
KWF,"Waterfall, Alaska, Estados Unidos"
KWI,"Kuwait City, Kuwait"
KWJ,"Gwangju, Corea del Sur"
KWK,"Kwigillingok, Estados Unidos"
KWL,"Guilin, China"
KWM,"Kowanyama, Australia"
KWN,"Quinhagak, Estados Unidos"
KWP,"West Point, Estados Unidos"
KWT,"Kwethluk, Estados Unidos"
KXA,"Kasaan, Estados Unidos"
KXB,"Kolaka, Indonesia"
KXF,"Koro Island, Fiji"
KXK,"Komsomolsk del Amur, Rusia"
KXU,"Katiu, Polinesia francés"
KYA,"Konya, pavo"
KYK,"Karluk, Estados Unidos"
KYP,"Kyaukpyu, Myanmar (Burma)"
KYU,"Koyukuk, Estados Unidos"
KYZ,"Kizil, Rusia"
KZB,"Zachar Bay, Estados Unidos"
KZI,"Kozani, Grecia"
KZN,"Kazán, Rusia"
KZO,"Kyzylorda, Kazajstán"
KZR,"Kütahya, pavo"
KZS,"Kastellorizo, Grecia"
LAD,"Luanda, Angola"
LAE,"Lae, Papúa Nueva Guinea"
LAK,"Aklavik, Canadá"
LAN,"Lansing, Estados Unidos"
LAO,"Laoag, Filipinas"
LAP,"La Paz, México"
LAR,"Laramie, Estados Unidos"
LAS,"Las Vegas, Estados Unidos"
LAU,"Lamu, Kenia"
LAW,"Lawton, Estados Unidos"
LAX,"Los Ángeles, Estados Unidos"
LBA,"Leeds, Reino Unido"
LBB,"Lubbock, Estados Unidos"
LBD,"Judzhant, Tayikistán"
LBE,"Latrobe, Estados Unidos"
LBF,"North Platte, Estados Unidos"
LBJ,"Labuan Bajo, Indonesia"
LBL,"Liberal, Estados Unidos"
LBP,"Long Banga, Malasia"
LBR,"Lábrea, Brasil"
LBS,"Labasa, Fiji"
LBU,"Labuán, Malasia"
LBV,"Libreville, Gabón"
LCA,"Lárnaca, Chipre"
LCE,"La Ceiba, Honduras"
LCG,"La Coruña, España"
LCH,"Lake Charles, Estados Unidos"
LCJ,"Łódź, Polonia"
LCK,"Columbus, Estados Unidos"
LCX,"Longyan, China"
LCY,"Londres, Reino Unido"
LDB,"Londrina, Brasil"
LDE,"Lourdes, Francia"
LDH,"Isla de Lord Howe, Australia"
LDS,"Yichún, China"
LDU,"Lahad Datu, Malasia"
LDY,"Derry, Reino Unido"
LDZ,"Londolozi Private Game Reserve, Sudáfrica"
LEA,"Exmouth, Australia"
LEB,"Lebanon, Estados Unidos"
LED,"San Petersburgo, Rusia"
LEI,"Almería, España"
LEJ,"Leipzig, Alemania"
LEN,"León, España"
LEQ,"Land's End, Reino Unido"
LET,"Leticia, Colombia"
LEU,"La Seu d'Urgell, España"
LEX,"Lexington, Estados Unidos"
LFM,"Lamerd, Corrí"
LFQ,"Linfén, China"
LFR,"La Fría, Venezuela"
LFT,"Lafayette, Estados Unidos"
LFW,"Lomé, Ir"
LGA,"Nueva York, Estados Unidos"
LGB,"Long Beach, Estados Unidos"
LGG,"Lieja, Bélgica"
LGI,"Deadman's Cay Settlement, Bahamas"
LGK,"Archipiélago Langkawi, Malasia"
LGL,"Long Lellang, Malasia"
LGP,"Legazpi, Filipinas"
LGW,"Londres, Reino Unido"
LHE,"Lahore, Pakistán"
LHG,"Lightning Ridge, Australia"
LHR,"Londres, Reino Unido"
LHW,"Lanzhou, China"
LIF,"Lifou Island, Nueva Caledonia"
LIG,"Limoges, Francia"
LIH,"Kauai, Estados Unidos"
LIL,"Lille, Francia"
LIM,"Lima, Perú"
LIN,"Milán, Italia"
LIO,"Limón, Costa Rica"
LIR,"Liberia, Costa Rica"
LIS,"Lisboa, Portugal"
LIT,"Little Rock, Estados Unidos"
LIW,"Loikaw, Myanmar (Burma)"
LIX,"Likoma Island, Malawi"
LJG,"Lijiang, China"
LJU,"Liubliana, Eslovenia"
LKA,"Larantuka, Indonesia"
LKB,"Lakeba, Fiji"
LKH,"Long Akah, Malasia"
LKL,"Lakselv, Noruega"
LKN,"Leknes, Noruega"
LKO,"Lucknow, India"
LKY,"Lago Manyara, Tanzania"
LLA,"Luleå, Suecia"
LLB,"Libo County, China"
LLF,"Yongzhou, China"
LLI,"Lalibela, Etiopía"
LLJ,"Lubuklinggau, Indonesia"
LLK,"Lankaran, Azerbaiyán"
LLO,"Palopo, Indonesia"
LLU,"Alluitsup Paa, Groenlandia"
LLV,"Lüliang, China"
LLW,"Lilongüe, Malawi"
LMA,"Lake Minchumina, Estados Unidos"
LMC,"La Macarena, Colombia"
LMM,"Los Mochis, México"
LMN,"Limbang, Malasia"
LMP,"Lampedusa, Italia"
LMU,"Anambas, Indonesia"
LNB,"Lamen Bay, Vanuatu"
LNE,"Lonorore, Vanuatu"
LNJ,"Lincang, China"
LNK,"Lincoln, Estados Unidos"
LNL,"Longnan, China"
LNO,"Leonora, Australia"
LNS,"Lancaster, Estados Unidos"
LNY,"Lanai, Estados Unidos"
LNZ,"Linz, Austria"
LOD,"Longana, Vanuatu"
LOE,"Provincia de Loei, Tailandia"
LOH,"Loja, Ecuador"
LOK,"Lodwar, Kenia"
LOO,"Laghouat, Argelia"
LOP,"Praya, Lombok, Indonesia"
LOS,"Lagos, Nigeria"
LOY,"Loiyangalani, Kenia"
LPA,"Las Palmas de Gran Canaria, España"
LPB,"La Paz, Bolivia"
LPF,"Liupanshui, China"
LPI,"Linköping, Suecia"
LPK,"Lípetsk, Rusia"
LPL,"Liverpool, Reino Unido"
LPM,"Lamap, Vanuatu"
LPP,"Lappeenranta, Finlandia"
LPQ,"Luang Prabang, Laos"
LPT,"Lampang Province, Tailandia"
LPY,"Le Puy-en-Velay, Francia"
LQM,"Puerto Leguízamo, Colombia"
LRD,"Laredo, Estados Unidos"
LRE,"Longreach, Australia"
LRH,"La Rochelle, Francia"
LRM,"La Romana, República Dominicana"
LRR,"Lar, Corrí"
LRS,"Leros, Grecia"
LRT,"Lorient, Francia"
LRV,"Los Roques archipelago, Venezuela"
LSC,"La Serena, Chile"
LSE,"La Crosse, Estados Unidos"
LSH,"Lashio, Myanmar (Burma)"
LSI,"Shetland Islands, Reino Unido"
LSP,"Las Piedras, Venezuela"
LSQ,"Los Angeles, Chile"
LST,"Launceston, Australia"
LSY,"Lismore, Australia"
LTI,"Altái, Mongolia"
LTM,"Lethem, Guayana"
LTN,"Londres, Reino Unido"
LTO,"Loreto, México"
LUA,"Lukla, Nepal"
LUK,"Cincinnati, Estados Unidos"
LUM,"Mang City, China"
LUN,"Lusaka, Zambia"
LUO,"Luena, Angola"
LUP,"Kalaupapa, Estados Unidos"
LUQ,"San Luis, Argentina"
LUR,"Cape Lisburne, Alaska, Estados Unidos"
LUV,"Langgur, Indonesia"
LUW,"Luwuk, Indonesia"
LUX,"Luxembourg, Luxemburgo"
LUZ,"Lublin, Polonia"
LVI,"Livingstone, Zambia"
LVO,"Laverton, Australia"
LWB,"Lewisburg, Estados Unidos"
LWE,"Lewoleba, Indonesia"
LWK,"Lerwick, Reino Unido"
LWN,"Guiumri, Armenia"
LWO,"Leópolis, Ucrania"
LWS,"Lewiston, Estados Unidos"
LWY,"Lawas, Malasia"
LXA,"Lhasa, China"
LXG,"Luang Namtha, Laos"
LXR,"Luxor, Egipto"
LXS,"Lemnos, Grecia"
LYA,"Luoyang, China"
LYB,"Little Cayman, Islas Caimán"
LYC,"Lycksele, Suecia"
LYG,"Lianyungang, China"
LYH,"Lynchburg, Estados Unidos"
LYI,"Linyi, China"
LYP,"Faisalabad District, Pakistán"
LYR,"Longyearbyen, Noruega"
LYS,"Lyon, Francia"
LZC,"Lázaro Cárdenas, México"
LZH,"Liuzhou, China"
LZN,"Nangan, Lienchiang, Taiwán"
LZO,"Luzhóu, China"
LZY,"Nyingchi, China"
MAA,"Chennai, India"
MAB,"Marabá, Brasil"
MAD,"Madrid, España"
MAF,"Midland, Estados Unidos"
MAG,"Madang, Papúa Nueva Guinea"
MAH,"Menorca, España"
MAJ,"Majuro, Islas Marshall"
MAK,"Malakal, Sudán del Sur"
MAM,"Heroica Matamoros, México"
MAN,"Mánchester, Reino Unido"
MAO,"Manaus, Brasil"
MAQ,"Mae Sot District, Tailandia"
MAR,"Maracaibo, Venezuela"
MAS,"Manus Island, Papúa Nueva Guinea"
MAU,"Maupiti, Polinesia francés"
MAZ,"Mayagüez, Puerto Rico"
MBA,"Mombasa, Kenia"
MBE,"Mombetsu, Japón"
MBI,"Mbeya, Tanzania"
MBJ,"Montego Bay, Jamaica"
MBL,"Manistee, Estados Unidos"
MBQ,"Mbarara, Uganda"
MBS,"Saginaw, Estados Unidos"
MBT,"Masbate, Filipinas"
MBZ,"Maués, Brasil"
MCE,"Merced, Estados Unidos"
MCG,"McGrath, Estados Unidos"
MCI,"Kansas City, Estados Unidos"
MCK,"McCook, Estados Unidos"
MCN,"Macon, Estados Unidos"
MCO,"Orlando, Estados Unidos"
MCP,"Macapá, Brasil"
MCT,"Mascate, Omán"
MCV,"McArthur River zinc mine, Australia"
MCW,"Mason City, Estados Unidos"
MCX,"Majachkalá, Rusia"
MCY,"Sunshine Coast Region, Australia"
MCZ,"Maceió, Brasil"
MDC,"Manado, Indonesia"
MDE,"Medellín, Colombia"
MDG,"Mudanjiang, China"
MDI,"Makurdi, Nigeria"
MDK,"Mbandaka, República Democrática del Congo"
MDL,"Mandalay, Myanmar (Burma)"
MDQ,"Mar del Plata, Argentina"
MDR,"Maasai Mara, Kenia"
MDT,"Harrisburg, Estados Unidos"
MDW,"Chicago, Estados Unidos"
MDZ,"Mendoza, Argentina"
MEA,"Macaé, Brasil"
MEB,"Melbourne, Australia"
MEC,"Manta, Ecuador"
MED,"Medina, Arabia Saudita"
MEE,"Mare, Nueva Caledonia"
MEH,"Mehamn, Noruega"
MEI,"Meridian, Estados Unidos"
MEL,"Melbourne, Australia"
MEM,"Memphis, Estados Unidos"
MEU,"Almeirim, Brasil"
MEX,"Ciudad de Mexico, México"
MFA,"Isla de Mafia, Tanzania"
MFE,"McAllen, Estados Unidos"
MFK,"Islas Matsu, Taiwán"
MFM,"Macau, macao"
MFR,"Medford, Estados Unidos"
MFU,"Mfuwe, Zambia"
MGA,"Managua, Nicaragua"
MGB,"Mount Gambier, Australia"
MGF,"Maringá, Brasil"
MGH,"Margate, Sudáfrica"
MGM,"Montgomery, Estados Unidos"
MGQ,"Mogadiscio, Somalia"
MGT,"Milingimbi Island, Australia"
MGW,"Morgantown, Estados Unidos"
MGZ,"Myeik, Myanmar (Burma)"
MHC,"Castro, Chile"
MHD,"Mashhad, Corrí"
MHG,"Mannheim, Alemania"
MHH,"Marsh Harbour, Bahamas"
MHK,"Manhattan, Estados Unidos"
MHM,"Manaoba, Islas Salomón"
MHQ,"Mariehamn, Finlandia"
MHT,"Manchester, Estados Unidos"
MIA,"Miami, Estados Unidos"
MID,"Mérida, México"
MIG,"Mianyang, China"
MII,"Marília, Brasil"
MIM,"Merimbula, Australia"
MIR,"Monastir, Túnez"
MIS,"Misima Island, Papúa Nueva Guinea"
MIU,"Maiduguri, Nigeria"
MJC,"Man, Costa de Marfil"
MJD,"Mohenjodaro, Pakistán"
MJF,"Mosjøen, Noruega"
MJI,"Trípoli, Libia"
MJK,"Monkey Mia, Australia"
MJM,"Mbuji Mayi, República del Congo"
MJN,"Mahajanga, Madagascar"
MJT,"Mytilene, Grecia"
MJU,"Mamuju Regency, Indonesia"
MJZ,"Mirni, Rusia"
MKE,"Milwaukee, Estados Unidos"
MKG,"Muskegon, Estados Unidos"
MKK,"Hoʻolehua, Estados Unidos"
MKL,"Jackson, Estados Unidos"
MKM,"Mukah, Malasia"
MKP,"Makemo, Polinesia francés"
MKQ,"Merauke, Indonesia"
MKR,"Meekatharra, Australia"
MKW,"Manokwari, Indonesia"
MKY,"Mackay, Australia"
MLA,"Malta, Malta"
MLB,"Melbourne, Estados Unidos"
MLE,"Malé, Maldivas"
MLG,"Malang, Indonesia"
MLI,"Moline, Estados Unidos"
MLL,"Marshall, Estados Unidos"
MLM,"Morelia, México"
MLN,"Melilla, España"
MLO,"Plaka, Milos, Grecia"
MLU,"Monroe, Estados Unidos"
MLX,"Malatya, pavo"
MMB,"Memanbetsu, Japón"
MME,"Durham, Reino Unido"
MMG,"Mount Magnet, Australia"
MMH,"Mammoth Lakes, Estados Unidos"
MMJ,"Matsumoto, Japón"
MMK,"Múrmansk, Rusia"
MMX,"Malmö, Suecia"
MMY,"Miyakojima, Japón"
MNC,"Nacala, Mozambique"
MNG,"Maningrida, Australia"
MNI,"Montserrat, Reino Unido"
MNK,"Maiana, Kiribati"
MNL,"Manila, Filipinas"
MNS,"Mansa, Zambia"
MNY,"Stirling Island, Islas Salomón"
MOB,"Mobile, Estados Unidos"
MOC,"Montes Claros, Brasil"
MOF,"Maumere, Indonesia"
MOH,"Dibrugarh, India"
MOL,"Molde, Noruega"
MOQ,"Morondava, Madagascar"
MOT,"Minot, Estados Unidos"
MOU,"Mountain Village, Estados Unidos"
MOV,"Moranbah, Australia"
MOZ,"Mo orea, Polinesia francés"
MPA,"Katima Mulilo, Namibia"
MPH,"Caticlan, Filipinas"
MPL,"Montpellier, Francia"
MPM,"Maputo, Mozambique"
MPN,"Monte Agradable, Islas Malvinas (Islas Malvinas)"
MQF,"Magnitogorsk, Rusia"
MQJ,"Khonuu, Rusia"
MQL,"Mildura, Australia"
MQM,"Mardin, pavo"
MQN,"Mo i Rana, Noruega"
MQP,"Nelspruit, Sudáfrica"
MQQ,"Moundou, Chad"
MQT,"Marquette, Estados Unidos"
MQX,"Mekele, Etiopía"
MRA,"Misurata, Libia"
MRE,"Masái Mara, Kenia"
MRI,"Anchorage, Estados Unidos"
MRQ,"Marinduque, Filipinas"
MRS,"Marsella, Francia"
MRU,"Isla de Mauricio, Isla mauricio"
MRV,"Mineralnye Vody, Rusia"
MRY,"Monterrey, Estados Unidos"
MRZ,"Moree, Australia"
MSA,"Muskrat Dam, Canadá"
MSJ,"Misawa, Japón"
MSL,"Muscle Shoals, Estados Unidos"
MSN,"Madison, Estados Unidos"
MSO,"Missoula, Estados Unidos"
MSP,"Minneapolis, Estados Unidos"
MSQ,"Minsk, Bielorrusia"
MSR,"Muş, pavo"
MSS,"Massena, Estados Unidos"
MST,"Maastricht, Países Bajos"
MSU,"Maseru, Lesoto"
MSY,"Nueva Orleans, Estados Unidos"
MSZ,"Namibe, Angola"
MTE,"Monte Alegre, Brasil"
MTJ,"Montrose, Estados Unidos"
MTK,"Makin, Kiribati"
MTM,"Metlakatla, Estados Unidos"
MTR,"Montería, Colombia"
MTT,"Minatitlán, México"
MTV,"Mota Lava, Vanuatu"
MTY,"Monterrey, México"
MUA,"Munda, Solomon Islands, Islas Salomón"
MUB,"Maun, Botswana"
MUC,"Múnich, Alemania"
MUE,"Waimea, Estados Unidos"
MUN,"Maturín, Venezuela"
MUR,"Marudi, Malasia"
MUX,"Multán, Pakistán"
MUZ,"Musoma, Tanzania"
MVB,"Franceville, Gabón"
MVD,"Montevideo, Uruguay"
MVF,"Mossoro, Brasil"
MVP,"Mitú, Colombia"
MVR,"Maroua, Camerún"
MVT,"Mataiva, Polinesia francés"
MVY,"Martha's Vineyard, Estados Unidos"
MWA,"Marion, Estados Unidos"
MWF,"Maewo, Vanuatu"
MWQ,"Magway, Myanmar (Burma)"
MWZ,"Mwanza, Tanzania"
MXH,"Iagifu Ridge Camp, Papúa Nueva Guinea"
MXL,"Mexicali, México"
MXP,"Milán, Italia"
MXZ,"Meizhóu, China"
MYA,"Moruya, Australia"
MYD,"Malindi, Kenia"
MYG,"Mayaguana, Bahamas"
MYI,"Murray Island, Australia"
MYJ,"Matsuyama, Japón"
MYP,"Mary, Turkmenistán"
MYQ,"Mysore, India"
MYR,"Myrtle Beach, Estados Unidos"
MYT,"Myitkyina, Myanmar (Burma)"
MYU,"Mekoryuk, Estados Unidos"
MYW,"Mtwara, Tanzania"
MYY,"Miri, Malasia"
MZA,"Muzaffarnagar, India"
MZG,"Magong, Taiwán"
MZH,"Amasya, pavo"
MZK,"Marakei, Kiribati"
MZL,"Manizales, Colombia"
MZR,"Mazar-e Sarif, Afganistán"
MZT,"Mazatlán, México"
MZV,"Gunung Mulu National Park, Malasia"
MZW,"Mechria, Argelia"
NAA,"Narrabri, Australia"
NAG,"Nagpur, India"
NAJ,"Najicheván, Azerbaiyán"
NAL,"Nálchik, Rusia"
NAM,"Namlea-Buru Island, Indonesia"
NAN,"Nadi, Fiji"
NAO,"Nanchong, China"
NAP,"Nápoles, Italia"
NAQ,"Qaanaaq, Groenlandia"
NAS,"Nasáu, Bahamas"
NAT,"Natal, Brasil"
NAU,"Napuka, Polinesia francés"
NAV,"Nevşehir, pavo"
NAW,"Provincia de Narathiwat, Tailandia"
NBC,"Nizhnekamsk, Rusia"
NBE,"Enfidha, Túnez"
NBO,"Nairobi, Kenia"
NBS,"Baishán, China"
NBX,"Nabire Regency, Indonesia"
NCE,"Niza, Francia"
NCL,"Newcastle upon Tyne, Reino Unido"
NCN,"Chenega, Estados Unidos"
NCU,"Nukus, Uzbekistán"
NDB,"Nuadibú, Mauritania"
NDC,"Nanded, India"
NDG,"Qiqihar, China"
NDJ,"Yamena, Chad"
NDK,"Namorik Atoll, Islas Marshall"
NDR,"Nador, Marruecos"
NDU,"Rundu, Namibia"
NEI,"Terney, Rusia"
NER,"Nériungri, Rusia"
NEU,"Sam Neua, Laos"
NEV,"Isla Nieves, St. Kitts y Nevis"
NGB,"Ningbó, China"
NGE,"Ngaoundéré, Camerún"
NGK,"Nogliki, Rusia"
NGO,"Nagoya, Japón"
NGQ,"Ngari, China"
NGS,"Nagasaki, Japón"
NHV,"Nuku Hiva, Polinesia francés"
NIB,"Nikolai, Estados Unidos"
NIG,"Nikunau, Kiribati"
NIM,"Niamey, Níger"
NIQ,"Niaqornat, Groenlandia"
NIU,"Niau, Polinesia francés"
NJC,"Nijnévatorsk, Rusia"
NJF,"Nayaf, Irak"
NKC,"Nuakchot, Mauritania"
NKG,"Nankín, China"
NKI,"Naukiti, Estados Unidos"
NKM,"Nagoya, Japón"
NKT,"Şırnak, pavo"
NLA,"Ndola, Zambia"
NLD,"Nuevo Laredo, México"
NLF,"Darnley, Australia"
NLH,"Ninglang, China"
NLI,"Nikolayevsk-on-Amur, Rusia"
NLK,"Burnt Pine, Isla Norfolk"
NLT,"Xinyuan County, China"
NLU,", México"
NLV,"Mykolaiv, Ucrania"
NMA,"Namangán, Uzbekistán"
NME,"Nightmute, Estados Unidos"
NMF,"Maafaru, Maldivas"
NNB,"Santa Ana Island, Islas Salomón"
NNG,"Nanning, China"
NNL,"Nondalton, Estados Unidos"
NNM,"Narian-Mar, Rusia"
NNT,"Provincia de Nan, Tailandia"
NNY,"Nanyang, China"
NOB,"Nosara, Costa Rica"
NOC,"Knock, Irlanda"
NOJ,"Noyabrsk, Rusia"
NON,"Nonouti, Kiribati"
NOP,"Sinope, pavo"
NOS,"Nosy Be, Madagascar"
NOU,"Numea, Nueva Caledonia"
NOZ,"Novokuznetsk, Rusia"
NPE,"Napier, Nueva Zelanda"
NPL,"Nueva Plymouth, Nueva Zelanda"
NPY,"Mpanda, Tanzania"
NQN,"Neuquén, Argentina"
NQU,"Nuquí, Colombia"
NQY,"Newquay, Reino Unido"
NQZ,"Nur-Sultan, Kazajstán"
NRA,"Narrandera, Australia"
NRN,"Düsseldorf, Alemania"
NRR,"Roosevelt Roads, Puerto Rico"
NRT,"Tokio, Japón"
NSH,"Noshahr, Corrí"
NSI,"Yaundé, Camerún"
NSK,"Norilsk, Rusia"
NSN,"Nelson, Nueva Zelanda"
NSQ,"Nuussuaq, Groenlandia"
NST,"Provincia de Nakhon Si Thammarat, Tailandia"
NTE,"Nantes, Francia"
NTG,"Nantong, China"
NTL,"City of Newcastle, Australia"
NTN,"Normanton, Australia"
NTQ,"Wajima, Japón"
NTX,"Natuna, Indonesia"
NUE,"Núremberg, Alemania"
NUF,"Hatton, Sri Lanka"
NUI,"Nuiqsut, Estados Unidos"
NUK,"Nukutavake, Polinesia francés"
NUL,"Nulato, Estados Unidos"
NUM,"Neom, Arabia Saudita"
NUP,"Nunapitchuk, Estados Unidos"
NUS,"Norsup, Vanuatu"
NUX,"Novi Urengói, Rusia"
NVA,"Neiva, Colombia"
NVI,"Navoi, Uzbekistán"
NVT,"Navegantes, Brasil"
NWA,"Mohéli, Comoras"
NWI,"Norwich, Reino Unido"
NYA,"Niagan, Rusia"
NYK,"Nanyuki, Kenia"
NYM,"Nadym, Rusia"
NYO,"Estocolmo, Suecia"
NYR,"Niurba, Rusia"
NYT,"Naipyidó, Myanmar (Burma)"
NYU,"Bagan, Myanmar (Burma)"
NYW,"Monywa, Myanmar (Burma)"
NZH,"Manzhouli, China"
NZL,"Zhalantun, China"
OAG,"Orange, Australia"
OAJ,"Jacksonville, Estados Unidos"
OAK,"Oakland, Estados Unidos"
OAX,"Oaxaca de Juárez, México"
OAZ,"Shorabak, Afganistán"
OBI,"Obidos, Brasil"
OBN,"Oban, Reino Unido"
OBO,"Obihiro, Japón"
OBU,"Kobuk, Estados Unidos"
OBY,"Ittoqqortoormiit, Groenlandia"
OCC,"Puerto Francisco de Orellana, Ecuador"
ODN,"Long Seridan, Malasia"
ODO,"Bodaibó, Rusia"
ODS,"Odesa, Ucrania"
ODY,"Muang Xay, Laos"
OER,"Örnsköldsvik, Suecia"
OGD,"Ogden, Estados Unidos"
OGG,"Kahului, Estados Unidos"
OGL,"Georgetown, Guayana"
OGS,"Ogdensburg, Estados Unidos"
OGU,"Giresun, pavo"
OGX,"Ouargla, Argelia"
OGZ,"Vladicáucaso, Rusia"
OHD,"Ohrid, República de Macedonia del Norte"
OHH,"Ojá, Rusia"
OHS,"Sohar, Omán"
OIR,"Okushiri, Japón"
OIT,"Ōita, Japón"
OKA,"Isla de Okinawa, Japón"
OKC,"Oklahoma City, Estados Unidos"
OKD,"Sapporo, Japón"
OKE,"Okinoerabujima, Japón"
OKI,"Islas Oki, Japón"
OKJ,"Okayama, Japón"
OKR,"Yorke, Australia"
OLA,"Ørland, Noruega"
OLB,"Olbia, Italia"
OLF,"Wolf Point, Estados Unidos"
OLG,"Olare, Kenia"
OLH,"Old Harbor, Estados Unidos"
OLP,"Olympic Dam, Australia"
OLX,"Masái Mara, Kenia"
OLZ,"Oliókminsk, Rusia"
OMA,"Omaha, Estados Unidos"
OME,"Nome, Estados Unidos"
OMH,"Urmieh, Corrí"
OMR,"Oradea, Rumania"
OMS,"Omsk, Rusia"
OND,"Ondangua, Namibia"
ONG,"Isla Mornington, Australia"
ONJ,"Ōdate, Japón"
ONK,"Olenyok, Rusia"
ONQ,"Zonguldak, pavo"
ONS,"Onslow, Australia"
ONT,"Ontario, Estados Unidos"
OOK,"Toksook Bay, Estados Unidos"
OOL,"Gold Coast, Australia"
OOM,"Cooma, Australia"
OOT,"Onotoa, Kiribati"
OPO,"Oporto, Portugal"
OPS,"Sinop, Brasil"
ORB,"Orebro, Suecia"
ORD,"Chicago, Estados Unidos"
ORF,"Norfolk, Estados Unidos"
ORG,"Paramaribo, Surinam"
ORH,"Worcester, Estados Unidos"
ORI,"Port Lions, Estados Unidos"
ORK,"Cork, Irlanda"
ORN,"Orán, Argelia"
ORT,"Northway, Estados Unidos"
ORU,"Oruro, Bolivia"
ORV,"Noorvik, Estados Unidos"
ORX,"Oriximiná, Brasil"
ORY,"París, Francia"
OSD,"Östersund, Suecia"
OSI,"Osijek, Croacia"
OSJ,"Ol Seki, Kenia"
OSL,"Oslo, Noruega"
OSR,"Ostrava, Chequia"
OSS,"Osh, Kirguizistán"
OST,"Ostende, Bélgica"
OSW,"Orsk, Rusia"
OSY,"Namsos, Noruega"
OTH,"North Bend, Estados Unidos"
OTI,"Morotai, Indonesia"
OTP,"Bucarest, Rumania"
OTZ,"Kotzebue, Estados Unidos"
OUA,"Uagadugú, Burkina Faso"
OUD,"Uchda, Marruecos"
OUI,", Francia"
OUL,"Oulu, Finlandia"
OUZ,"Zuérate, Mauritania"
OVB,"Novosibirsk, Rusia"
OVD,"Asturias, España"
OVS,"Sovetsky, Rusia"
OWB,"Owensboro, Estados Unidos"
OWD,"Norwood, Estados Unidos"
OXB,"Bisáu, Guinea-Bissau"
OZC,"Ozámiz, Filipinas"
OZG,"Zagora, Marruecos"
OZH,"Zaporiyia, Ucrania"
OZZ,"Uarzazat, Marruecos"
PAB,"Bilaspur, India"
PAC,"Panamá, Panamá"
PAD,"Paderborn, Alemania"
PAE,"Everett, Estados Unidos"
PAF,"Pakuba, Uganda"
PAG,"Pagadían, Filipinas"
PAH,"Paducah, Estados Unidos"
PAP,"Puerto Príncipe, Haití"
PAS,"Parikia, Grecia"
PAT,"Patna, India"
PAZ,"Poza Rica de Hidalgo, México"
PBC,"Municipio de Puebla, México"
PBD,"Porbandar, India"
PBG,"Plattsburgh, Estados Unidos"
PBH,"Paro, Bután"
PBI,"West Palm Beach, Estados Unidos"
PBJ,"Paama, Vanuatu"
PBM,"Paramaribo, Surinam"
PBO,"Paraburdoo, Australia"
PBR,"Puerto Barrios, Guatemala"
PBU,"Putao, Myanmar (Burma)"
PBZ,"Plettenberg Bay, Sudáfrica"
PCL,"Pucallpa, Perú"
PCN,"Picton, Nueva Zelanda"
PCP,"Príncipe Island, Santo Tomé y Príncipe"
PCQ,"Phongsali, Laos"
PCR,"Puerto Carreño, Colombia"
PDA,"Inírida, Colombia"
PDB,"Pedro Bay, Estados Unidos"
PDG,"Padang, Indonesia"
PDK,"Atlanta, Estados Unidos"
PDL,"Ponta Delgada, Portugal"
PDP,"Punta del Este, Uruguay"
PDS,"Piedras Negras, México"
PDT,"Pendleton, Estados Unidos"
PDV,"Plovdiv, Bulgaria"
PDX,"Portland, Estados Unidos"
PEC,"Pelican, Estados Unidos"
PED,"Pardubice, Chequia"
PEE,"Perm, Rusia"
PEG,"Perugia, Italia"
PEI,"Pereira, Colombia"
PEK,"Pekín, China"
PEM,"Puerto Maldonado, Perú"
PEN,"Penang, Malasia"
PER,"Perth, Australia"
PES,"Petrozavodsk, Rusia"
PET,"Pelotas, Brasil"
PEU,"Puerto Lempira, Honduras"
PEW,"Peshawar, Pakistán"
PEX,"Pechora, Rusia"
PEZ,"Penza, Rusia"
PFB,"Passo Fundo, Brasil"
PFO,"Pafos, Chipre"
PFQ,"Parsabad, Corrí"
PGA,"Page, Estados Unidos"
PGD,"Punta Gorda, Estados Unidos"
PGF,"Perpiñán, Francia"
PGH,"Pantnagar, India"
PGK,"Pangkal Pinang, Indonesia"
PGM,"Port Graham, Estados Unidos"
PGQ,"Buli, Indonesia"
PGU,"Assaluyeh, Corrí"
PGV,"Greenville, Estados Unidos"
PGZ,"Ponta Grossa, Brasil"
PHB,"Parnaíba, Brasil"
PHC,"Port Harcourt, Nigeria"
PHE,"Port Hedland, Australia"
PHF,"Newport News, Estados Unidos"
PHL,"Filadelfia, Estados Unidos"
PHO,"Point Hope, Estados Unidos"
PHS,"Phitsanulok, Tailandia"
PHX,"Phoenix, Estados Unidos"
PIA,"Peoria, Estados Unidos"
PIB,"Laurel, Estados Unidos"
PIE,"Tampa, Estados Unidos"
PIH,"Pocatello, Estados Unidos"
PIK,"Glasgow, Reino Unido"
PIN,"Parintins, Brasil"
PIR,"Pierre, Estados Unidos"
PIS,"Poitiers, Francia"
PIT,"Pittsburgh, Estados Unidos"
PIU,"Piura, Perú"
PIX,"Pico Island, Portugal"
PIZ,"Point Lay, Estados Unidos"
PJA,"Pajala, Suecia"
PJM,"Puerto Jiménez, Costa Rica"
PKA,"Napaskiak, Estados Unidos"
PKB,"Parkersburg, Estados Unidos"
PKC,"Petropávlovsk-Kamchatski, Rusia"
PKE,"Parkes, Australia"
PKN,"Pangkalan Bun, Indonesia"
PKP,"Puka-Puka, Polinesia francés"
PKR,"Pokhara, Nepal"
PKU,"Pekanbaru, Indonesia"
PKV,"Pskov, Rusia"
PKX,"Pekín, China"
PKY,"Palangkaraya, Indonesia"
PKZ,"Pakse, Laos"
PLJ,"Placencia, Belice"
PLM,"Palembang, Indonesia"
PLN,"Pellston, Estados Unidos"
PLO,"Port Lincoln, Australia"
PLQ,"Palanga, Lituania"
PLS,"Providenciales, Turks y Caicos"
PLW,"Palu, Indonesia"
PLZ,"Puerto Elizabeth, Sudáfrica"
PMA,"Pemba Island, Tanzania"
PMC,"Puerto Montt, Chile"
PMF,"Parma, Italia"
PMG,"Ponta Porã, Brasil"
PMI,"Palma, España"
PMK,"Palm Island, Australia"
PMO,"Palermo, Italia"
PMR,"Palmerston North, Nueva Zelanda"
PMV,"Porlamar, Venezuela"
PMW,"Palmas, Brasil"
PMY,"Puerto Madryn, Argentina"
PNA,"Pamplona, España"
PND,"Punta Gorda, Belice"
PNH,"Nom Pen, Camboya"
PNI,"Pohnpei, micronesia"
PNK,"Pontianak, Indonesia"
PNL,"Pantelleria, Italia"
PNP,"Popondetta, Papúa Nueva Guinea"
PNQ,"Pune, India"
PNR,"Pointe-Noire, República del Congo"
PNS,"Pensacola, Estados Unidos"
PNT,"Puerto Natales, Chile"
PNZ,"Petrolina, Brasil"
POA,"Porto Alegre, Brasil"
POG,"Port-Gentil, Gabón"
POI,"Potosí, Bolivia"
POL,"Pemba, Mozambique"
POM,"Puerto Moresby, Papúa Nueva Guinea"
POP,"San Felipe de Puerto Plata, República Dominicana"
POR,"Pori, Finlandia"
POS,"Puerto España, Trinidad y Tobago"
POZ,"Poznań, Polonia"
PPB,"Presidente Prudente, Brasil"
PPG,"Pago Pago, Samoa Americana"
PPK,"Petropavl, Kazajstán"
PPN,"Popayán, Colombia"
PPP,"Proserpine, Australia"
PPQ,"Paraparaumu, Nueva Zelanda"
PPS,"Puerto Princesa, Filipinas"
PPT,"Tahiti, Polinesia francés"
PPV,"Port Protection, Estados Unidos"
PQC,"Phú Quốc, Vietnam"
PQI,"Presque Isle, Estados Unidos"
PQQ,"Port Macquarie, Australia"
PQS,"Pilot Station, Estados Unidos"
PQT,"Qeqertaq, Groenlandia"
PRA,"Paraná, Argentina"
PRC,"Prescott, Estados Unidos"
PRG,"Praga, Chequia"
PRH,"Provincia de Phrae, Tailandia"
PRI,"Praslin, Seychelles"
PRM,"Portimão, Portugal"
PRN,"Pristina, Serbia"
PRS,"Parasi, Islas Salomón"
PSA,"Pisa, Italia"
PSC,"Pasco, Estados Unidos"
PSE,"Ponce, Puerto Rico"
PSG,"Petersburg, Estados Unidos"
PSJ,"Poso, Indonesia"
PSM,"Portsmouth, Estados Unidos"
PSO,"Pasto, Colombia"
PSP,"Palm Springs, Estados Unidos"
PSR,"Pescara, Italia"
PSS,"Posadas, Argentina"
PSU,"Putussibau, Indonesia"
PTA,"Port Alsworth, Estados Unidos"
PTG,"Polokwane, Sudáfrica"
PTO,"Pato Branco, Brasil"
PTP,"Pointe-à-Pitre, Guadalupe"
PTU,"Platinum, Estados Unidos"
PTX,"Pitalito, Colombia"
PTY,"Panamá, Panamá"
PUB,"Pueblo, Estados Unidos"
PUF,"Pau, Francia"
PUJ,"Punta Cana, República Dominicana"
PUK,"Pukarua, Polinesia francés"
PUQ,"Punta Arenas, Chile"
PUS,"Busan, Corea del Sur"
PUU,"Puerto Asís, Colombia"
PUW,"Pullman, Estados Unidos"
PUY,"Pula, Croacia"
PUZ,"Puerto Cabezas, Nicaragua"
PVA,"Providencia Island, Colombia"
PVC,"Provincetown, Estados Unidos"
PVD,"Providence, Estados Unidos"
PVG,"Shanghái, China"
PVH,"Porto Velho, Brasil"
PVK,"Préveza, Grecia"
PVR,"Puerto Vallarta, México"
PVU,"Provo, Estados Unidos"
PWE,"Pevek, Rusia"
PWL,"Purwokerto, Indonesia"
PWM,"Portland, Estados Unidos"
PWQ,"Pavlodar, Kazajstán"
PXM,"Puerto Escondido, México"
PXO,"Porto Santo, Portugal"
PXU,"Pleiku, Vietnam"
PYG,"Gangtok, India"
PYJ,"Udachni, Rusia"
PZB,"Pietermaritzburg, Sudáfrica"
PZI,"Panzhihua, China"
PZL,"Phinda Private Game Reserve, Sudáfrica"
PZO,"Puerto Ordaz, Venezuela"
PZU,"Puerto, Sudán"
QBC,"Bella Coola, Canadá"
QCU,"Akunnaaq, Groenlandia"
QDV,"Jundiaí, Brasil"
QFI,"Iginniarfik, Groenlandia"
QFN,"Narsaq Kujalleq, Groenlandia"
QGQ,"Attu, Groenlandia"
QJE,"Kitsissuarsuit, Groenlandia"
QJI,"Ikamiut, Groenlandia"
QMK,"Niaqornaarsuk, Groenlandia"
QOW,"Owerri, Nigeria"
QPW,"Kangaatsiaq, Groenlandia"
QRO,"Santiago de Querétaro, México"
QRW,"Warri, Nigeria"
QRY,"Ikerasaarsuk, Groenlandia"
QSF,"Sétif, Argelia"
QSZ,"Yarkant (Shache), China"
QUO,"Uyo, Nigeria"
QUP,"Saqqaq, Groenlandia"
QUV,"Aappilattoq, Groenlandia"
QUW,"Ammassivik, Groenlandia"
RAB,"Rabaul, Papúa Nueva Guinea"
RAE,"Arar, Arabia Saudita"
RAH,"Rafha, Arabia Saudita"
RAI,"Praia, Cabo Verde"
RAJ,"Rajkot, India"
RAK,"Marrakech, Marruecos"
RAO,"Ribeirão Preto, Brasil"
RAP,"Rapid City, Estados Unidos"
RAQ,"Raha, Indonesia"
RAR,"Rarotonga, Islas Cook"
RAS,"Rasht, Corrí"
RBA,"Rabat, Marruecos"
RBQ,"Rurrenabaque, Bolivia"
RBR,"Río Branco, Brasil"
RBV,"Ramata Island, Islas Salomón"
RBY,"Ruby, Estados Unidos"
RCB,"Richards Bay, Sudáfrica"
RCH,"Riohacha, Colombia"
RCM,"Richmond, Australia"
RCU,"Río Cuarto, Argentina"
RDD,"Redding, Estados Unidos"
RDM,"Redmond, Estados Unidos"
RDN,"Redang, Malasia"
RDP,"Durgapur, India"
RDU,"Raleigh, Estados Unidos"
RDV,"Red Devil, Estados Unidos"
RDZ,"Rodez, Francia"
REA,"Reao, Polinesia francés"
REC,"Recife, Brasil"
REG,"Regio de Calabria, Italia"
REL,"Trelew, Argentina"
REN,"Oremburgo, Rusia"
REP,"Siem Riep, Camboya"
RES,"Resistencia, Argentina"
RET,"Røst, Noruega"
REU,"Reus, España"
REX,"Reynosa, México"
RFD,"Chicago, Estados Unidos"
RFP,"Raiatea, Polinesia francés"
RGA,"Río Grande, Argentina"
RGI,"Rangiroa, Polinesia francés"
RGK,"Gorno-Altaisk, Rusia"
RGL,"Río Gallegos, Argentina"
RGN,"Rangún, Myanmar (Burma)"
RGS,"Burgos, España"
RHD,"Termas de Río Hondo, Argentina"
RHI,"Rhinelander, Estados Unidos"
RHO,"Rhodes, Grecia"
RHR,"Al Hamra, Emiratos Árabes Unidos"
RHT,"Alxa Right Banner, China"
RIA,"Santa Maria, Brasil"
RIB,"Riberalta, Bolivia"
RIC,"Richmond, Estados Unidos"
RIS,"Rishiri, Japón"
RIW,"Riverton, Estados Unidos"
RIX,"Riga, Letonia"
RIY,"Riyan, Yemen"
RIZ,"Rizhao, China"
RJA,"Rajahmundry, India"
RJB,"Rajbiraj, Nepal"
RJK,"Rijeka, Croacia"
RJL,"Logroño, España"
RJN,"Rafsanjan, Corrí"
RKA,"Aratika, Polinesia francés"
RKD,"Rockland, Estados Unidos"
RKE,"Roskilde, Dinamarca"
RKS,"Rock Springs, Estados Unidos"
RKT,"Emirato de Ras al-Jaima, Emiratos Árabes Unidos"
RKV,"Reikiavik, Islandia"
RKZ,"Shigatse, China"
RLG,"Rostock, Alemania"
RLK,"Bayannur, China"
RMA,"Roma, Australia"
RMF,"Marsa Alam, Egipto"
RMI,"Rímini, Italia"
RML,"Ratmalana, Sri Lanka"
RMQ,"Taichung, Taiwán"
RMT,"Rimatara, Polinesia francés"
RMU,"Region of Murcia, España"
RMZ,", Rusia"
RNA,"Arona, Islas Salomón"
RNB,"Ronneby, Suecia"
RNI,"Corn Island, Nicaragua"
RNJ,"Yoron, Japón"
RNL,"Isla de Rennell, Islas Salomón"
RNN,"Bornholm, Dinamarca"
RNO,"Reno, Estados Unidos"
RNS,"Rennes, Francia"
ROA,"Roanoke, Estados Unidos"
ROB,"Monrovia, Liberia"
ROC,"Rochester, Estados Unidos"
ROI,"Provincia de Roi Et, Tailandia"
ROK,"Rockhampton, Australia"
ROO,"Rondonópolis, Brasil"
ROR,"Koror, Palau"
ROS,"Rosario, Argentina"
ROT,"Rotorua, Nueva Zelanda"
ROV,"Rostov del Don, Rusia"
ROW,"Roswell, Estados Unidos"
RPR,"Raipur, India"
RQA,"Ruoqiang Loulan, China"
RRG,"Rodrigues, Isla mauricio"
RRR,"Raroia, Polinesia francés"
RRS,"Røros, Noruega"
RSA,"Santa Rosa, Argentina"
RSD,"Rock Sound, Bahamas"
RSH,"Russian Mission, Estados Unidos"
RSS,"Roseires, Sudán"
RST,"Rochester, Estados Unidos"
RSU,"Yeosu, Corea del Sur"
RSW,"Fort Myers, Estados Unidos"
RTA,"Rotuma, Fiji"
RTB,"Roatán, Honduras"
RTG,"Ruteng, Indonesia"
RTI,"Rote Island, Indonesia"
RTM,"Róterdam, Países Bajos"
RTW,"Sarátov, Rusia"
RUH,"Riad, Arabia Saudita"
RUN,"Saint-Denis, Francia"
RUP,"Rupsi, India"
RUR,"Rurutu, Polinesia francés"
RUS,"Marau Sound, Islas Salomón"
RUT,"Rutland, Estados Unidos"
RVD,"Rio Verde, Brasil"
RVE,"Saravena, Colombia"
RVK,"Rørvik, Noruega"
RVN,"Rovaniemi, Finlandia"
RVV,"Raivavae, Polinesia francés"
RXS,"Roxas, Filipinas"
RYK,"Rahim Yar Khan, Pakistán"
RYL,"Royal, Zambia"
RZE,"Rzeszów, Polonia"
RZH,"Preobrazheniye, Rusia"
RZR,"Ramsar, Corrí"
SAB,"Isla de Saba, Caribe Países Bajos"
SAE,"Saattut, Groenlandia"
SAF,"Santa Fe, Estados Unidos"
SAG,"Shirdi, India"
SAH,"Sana'a, Yemen"
SAL,"San Salvador, El Salvador"
SAN,"San Diego, Estados Unidos"
SAP,"San Pedro Sula, Honduras"
SAQ,"Andros, Bahamas"
SAT,"San Antonio, Estados Unidos"
SAV,"Savannah, Estados Unidos"
SAW,"Estambul, pavo"
SBA,"Santa Bárbara, Estados Unidos"
SBH,"Saint Barthélemy, San Bartolomé"
SBN,"South Bend, Estados Unidos"
SBP,"San Luis Obispo, Estados Unidos"
SBR,"Saibai Island, Australia"
SBW,"Sibu, Malasia"
SBY,"Ocean City, Estados Unidos"
SBZ,"Sibiu, Rumania"
SCC,"Prudhoe Bay, Estados Unidos"
SCE,"State College, Estados Unidos"
SCK,"Stockton, Estados Unidos"
SCL,"Santiago de Chile, Chile"
SCM,"Scammon Bay, Estados Unidos"
SCN,"Saarbrücken, Alemania"
SCO,"Aktau, Kazajstán"
SCQ,"Santiago de Compostela, España"
SCR,"Sälen - Trysil, Suecia"
SCT,"Socotra, Yemen"
SCU,"Santiago de Cuba, Cuba"
SCV,"Suceava, Rumania"
SCW,"Syktyvkar, Rusia"
SCY,"San Cristóbal Island, Ecuador"
SCZ,"Islas Santa Cruz, Islas Salomón"
SDD,"Lubango, Angola"
SDE,"Santiago del Estero, Argentina"
SDF,"Louisville, Estados Unidos"
SDG,"Sanandaj, Corrí"
SDJ,"Sendai, Japón"
SDK,"Sandakan, Malasia"
SDL,"Sundsvall, Suecia"
SDN,"Sandane, Noruega"
SDP,"Sand Point, Estados Unidos"
SDQ,"Santo Domingo, República Dominicana"
SDR,"Santander, España"
SDU,"Río de Janeiro, Brasil"
SDY,"Sidney, Estados Unidos"
SEA,"Seattle, Estados Unidos"
SEB,"Sabhā, Libia"
SEK,"Srednekolimsk, Rusia"
SEN,"Londres, Reino Unido"
SET,"Serra Talhada, Brasil"
SEU,"Seronera, Tanzania"
SEZ,"Mahé, Seychelles"
SFA,"Sfax, Túnez"
SFB,"Orlando, Estados Unidos"
SFG,"Saint Martin (Island), San Martín"
SFJ,"Kangerlussuaq, Groenlandia"
SFN,"Santa Fe, Argentina"
SFO,"San Francisco, Estados Unidos"
SFT,"Skellefteå, Suecia"
SGC,"Surgut, Rusia"
SGD,"Sønderborg, Dinamarca"
SGF,"Springfield, Estados Unidos"
SGG,"Sermiligaaq, Groenlandia"
SGN,"Ciudad Ho Chi Minh, Vietnam"
SGO,"Saint George, Australia"
SGU,"St. George, Estados Unidos"
SGX,"Songea, Tanzania"
SGY,"Skagway, Estados Unidos"
SHA,"Shanghái, China"
SHB,"Nakashibetsu, Japón"
SHD,"Staunton, Estados Unidos"
SHE,"Shenyang, China"
SHF,"Shihezi, China"
SHG,"Shungnak, Estados Unidos"
SHH,"Shishmaref, Estados Unidos"
SHI,"Shimojishima, Japón"
SHJ,"Dubái, Emiratos Árabes Unidos"
SHL,"Shillong, India"
SHM,"Shirahama, Japón"
SHO,"Manzini, Swazilandia"
SHR,"Sheridan, Estados Unidos"
SHS,"Jingzhou, China"
SHV,"Shreveport, Estados Unidos"
SHW,"Sharurah, Arabia Saudita"
SHX,"Shageluk, Estados Unidos"
SID,"Isla de Sal, Cabo Verde"
SIF,"Simara, Bara, Nepal"
SIG,"San Juan, Puerto Rico"
SIN,"Singapore, Singapur"
SIP,"Simferopol, Ucrania"
SIS,"Dingleton, Sudáfrica"
SIT,"Sitka, Estados Unidos"
SIU,"Siuna, Nicaragua"
SJC,"San José, Estados Unidos"
SJD,"San José del Cabo, México"
SJE,"San José del Guaviare, Colombia"
SJI,"San José de Labangán, Filipinas"
SJJ,"Sarajevo, Bosnia-Herzegovina"
SJL,"São Gabriel da Cachoeira, Brasil"
SJO,"San José, Costa Rica"
SJP,"São José do Rio Preto, Brasil"
SJT,"San Angelo, Estados Unidos"
SJU,"San Juan, Puerto Rico"
SJW,"Shijiazhuang, China"
SJZ,"São Jorge Island, Portugal"
SKB,"Saint Kitts, St. Kitts y Nevis"
SKD,"Samarcanda, Uzbekistán"
SKG,"Salónica, Grecia"
SKH,"Surkhet, Nepal"
SKK,"Shaktoolik, Estados Unidos"
SKN,"Stokmarknes, Noruega"
SKO,"Sokoto, Nigeria"
SKP,"Skopie, República de Macedonia del Norte"
SKT,"Sialkot, Pakistán"
SKU,"Skyros, Grecia"
SKX,"Saransk, Rusia"
SKZ,"Sukkur, Pakistán"
SLA,"Salta, Argentina"
SLC,"Salt Lake City, Estados Unidos"
SLH,"Sola, Vanuatu"
SLI,"Solwezi, Zambia"
SLK,"Saranac Lake, Estados Unidos"
SLL,"Salalah, Omán"
SLM,"Salamanca, España"
SLN,"Salina, Estados Unidos"
SLP,"San Luis Potosí, México"
SLQ,"Sleetmute, Estados Unidos"
SLU,"Millet, Santa Lucía"
SLX,"Salt Cay, Turks Islands, Turks y Caicos"
SLY,"Salejard, Rusia"
SLZ,"São Luís, Brasil"
SMA,"Santa Maria Island, Portugal"
SMF,"Sacramento, Estados Unidos"
SMI,"Samos, Grecia"
SMK,"St. Michael, Estados Unidos"
SML,"Stella Maris, Bahamas"
SMQ,"Sampit, Indonesia"
SMR,"Santa Marta, Colombia"
SMS,"Isla Santa María, Madagascar"
SMT,"Sorriso, Brasil"
SMX,"Santa María, Estados Unidos"
SNA,"Santa Ana, Estados Unidos"
SNN,"Shannon, Irlanda"
SNO,"Sakon Nakhon, Tailandia"
SNP,"St. Paul, Estados Unidos"
SNR,"Saint-Nazaire, Francia"
SNU,"Santa Clara, Cuba"
SNW,"Thandwe, Myanmar (Burma)"
SOC,"Surakarta, Indonesia"
SOF,"Sofía, Bulgaria"
SOG,"Sogndal, Noruega"
SOJ,"Sørkjosen, Noruega"
SON,"Luganville, Vanuatu"
SOQ,"Sorong, Indonesia"
SOU,"Southampton, Reino Unido"
SOV,"Seldovia, Estados Unidos"
SOW,"Show Low, Estados Unidos"
SPB,"Saint Thomas, Islas Vírgenes de EE.UU"
SPC,"Santa Cruz de La Palma, España"
SPD,"Saidpur, Bangladesh, Bangladesh"
SPI,"Springfield, Estados Unidos"
SPN,"Saipán, Islas Marianas del Norte"
SPR,"San Pedro, Belice"
SPS,"Wichita Falls, Estados Unidos"
SPU,"Split, Croacia"
SPY,"San Pedro, Costa de Marfil"
SQD,"Shangrao, China"
SQG,"Sintang, Indonesia"
SQJ,"Sanming, China"
SRA,"Santa Rosa, Brasil"
SRE,"Sucre, Bolivia"
SRG,"Semarang, Indonesia"
SRH,"Sarh, Chad"
SRK,"Siorapaluk, Groenlandia"
SRN,"Strahan, Australia"
SRP,"Stord, Noruega"
SRQ,"Sarasota, Estados Unidos"
SRV,"Stony River, Estados Unidos"
SRY,"Sari, Corrí"
SSA,"Salvador de Bahía, Brasil"
SSB,"Saint Croix, Islas Vírgenes de EE.UU"
SSG,"Malabo, Guinea Ecuatorial"
SSH,"Sharm el-Sheij, Egipto"
SSJ,"Sandnessjøen, Noruega"
SSR,"Sara, Vanuatu"
STC,"St. Cloud, Estados Unidos"
STD,"Santo Domingo, Venezuela"
STI,"Santiago de los Caballeros, República Dominicana"
STL,"San Luis, Estados Unidos"
STM,"Santarém, Brasil"
STN,"Londres, Reino Unido"
STR,"Stuttgart, Alemania"
STS,"Santa Rosa, Estados Unidos"
STT,"Saint Thomas, Islas Vírgenes de EE.UU"
STV,"Surat, India"
STW,"Stávropol, Rusia"
STX,"Saint Croix, Islas Vírgenes de EE.UU"
SUB,"Surabaya, Indonesia"
SUF,"Lamezia Terme, Italia"
SUG,"Surigao, Filipinas"
SUJ,"Satu Mare, Rumania"
SUK,"Batagay-Alyta, Rusia"
SUN,"Sun Valley, Estados Unidos"
SUR,"Nibinamik First Nation, Canadá"
SUV,"Suva, Fiji"
SUX,"Sioux City, Estados Unidos"
SUY,"Súntar, Rusia"
SVA,"Savoonga, Estados Unidos"
SVB,"Sambava, Madagascar"
SVC,"Silver City, Estados Unidos"
SVD,"Saint Vincent, San Vicente y las Granadinas"
SVG,"Stavanger, Noruega"
SVI,"San Vicente Del Caguan, Colombia"
SVJ,"Svolvær, Noruega"
SVL,"Savonlinna, Finlandia"
SVO,"Moscú, Rusia"
SVQ,"Sevilla, España"
SVR,"Savissivik, Groenlandia"
SVU,"Savusavu, Fiji"
SVX,"Ekaterimburgo, Rusia"
SWA,"Shantou, China"
SWF,"Nueva York, Estados Unidos"
SWJ,"South West Bay, Vanuatu"
SWL,"San Vicente, Filipinas"
SWO,"Stillwater, Estados Unidos"
SWQ,"Sumbawa Besar, Indonesia"
SWV,"Evensk, Rusia"
SXB,"Estrasburgo, Francia"
SXK,"Saumlaki, Indonesia"
SXM,"Lower Prince's Quarter, Sint Maarten"
SXO,"São Félix do Araguaia, Brasil"
SXR,"Srinagar, India"
SXZ,"Siirt, pavo"
SYB,"Seal Bay, Estados Unidos"
SYD,"Sídney, Australia"
SYJ,"Sirjan, Corrí"
SYM,"Simao District, China"
SYO,"Shonai, Japón"
SYR,"Siracusa, Estados Unidos"
SYS,"Saskylakh, Rusia"
SYU,"Warraber, Australia"
SYX,"Sanya, China"
SYY,"Stornoway, Reino Unido"
SYZ,"Shiraz, Corrí"
SZB,"Kuala Lumpur, Malasia"
SZE,"Semera, Etiopía"
SZF,"Samsun, pavo"
SZG,"Salzburgo, Austria"
SZK,"Skukuza, Sudáfrica"
SZX,"Shenzhen, China"
SZY,"Szymany, Szczytno County, Polonia"
SZZ,"Szczecin, Polonia"
TAB,"Tobago, Trinidad y Tobago"
TAC,"Tacloban, Filipinas"
TAE,"Daegu, Corea del Sur"
TAG,"Tagbilaran, Filipinas"
TAH,"Tanna, Vanuatu"
TAK,"Takamatsu, Japón"
TAL,"Tanana, Estados Unidos"
TAM,"Tampico, México"
TAO,"Qingdao, China"
TAP,"Tapachula, México"
TAS,"Taskent, Uzbekistán"
TAT,"Poprad, Eslovaquia"
TAY,"Tartu, Estonia"
TAZ,"Daşoguz, Turkmenistán"
TBB,"Tuy Hòa, Vietnam"
TBF,"Tabiteuea, Kiribati"
TBG,"Tabubil, Papúa Nueva Guinea"
TBH,"Isla Tablas, Filipinas"
TBI,"New Bight, Bahamas"
TBN,"Fort Leonard Wood, Estados Unidos"
TBO,"Tabora, Tanzania"
TBP,"Tumbes, Perú"
TBS,"Tiflis, Georgia"
TBT,"Tabatinga, Brasil"
TBU,"Nukualofa, Tonga"
TBW,"Tambov, Rusia"
TBZ,"Tabriz, Corrí"
TCA,"Tennant Creek, Australia"
TCB,"Treasure Cay, Bahamas"
TCG,"Tacheng, China"
TCO,"Tumaco, Colombia"
TCQ,"Tacna, Perú"
TCR,"Thoothukudi, India"
TCT,"Takotna, Estados Unidos"
TCX,"Tabas, Corrí"
TCZ,"Tengchong, China"
TDD,"Trinidad, Bolivia"
TDK,"Taldykorgan, Kazajstán"
TDX,"Provincia de Trat, Tailandia"
TEB,"Teterboro, Estados Unidos"
TEE,"Tébessa, Argelia"
TEF,"Telfer Mine, Australia"
TEI,"Tezu, India"
TEK,"Tatitlek, Estados Unidos"
TEN,"Tong rén, China"
TEQ,"Tekirdağ, pavo"
TER,"Isla Terceira, Portugal"
TET,"Tete, Mozambique"
TEX,"Telluride, Estados Unidos"
TEZ,"Tezpur, India"
TFF,"Tefé, Brasil"
TFI,"Tufi, Papúa Nueva Guinea"
TFN,"Tenerife, España"
TFS,"Tenerife, España"
TFU,"Chengdu, China"
TGC,"Tanjung Manis, Malasia"
TGD,"Podgorica, Montenegro"
TGG,"Kuala Terengganu, Malasia"
TGH,"Tongoa, Vanuatu"
TGI,"Tingo María, Perú"
TGJ,"Isla Tiga, Nueva Caledonia"
TGM,"Târgu Mureș, Rumania"
TGO,"Tongliao, China"
TGP,"Podkamennaya Tunguska, Rusia"
TGQ,"Tangará da Serra, Brasil"
TGR,"Touggourt, Argelia"
TGT,"Tanga, Tanzania"
TGU,"Tegucigalpa, Honduras"
TGZ,"Tuxtla Gutiérrez, México"
THD,"Thanh Hóa, Vietnam"
THE,"Teresina, Brasil"
THO,"Thorshofn, Islandia"
THQ,"Tianshui, China"
THR,"Tehran, Corrí"
THS,"Provincia de Sukhothai, Tailandia"
THU,"Pituffik, Groenlandia"
THX,"Turujansk, Rusia"
TIA,"Tirana, Albania"
TID,"Tiaret, Argelia"
TIF,"Taif, Arabia Saudita"
TIH,"Tikehau, Polinesia francés"
TII,"Tarin Kowt, Afganistán"
TIJ,"Tijuana, México"
TIM,"Kota Timika, Indonesia"
TIN,"Tinduf, Argelia"
TIR,"Tirupati, India"
TIU,"Timaru, Nueva Zelanda"
TIV,"Tivat, Montenegro"
TIZ,"Tari, Papúa Nueva Guinea"
TJA,"Tarija, Bolivia"
TJH,"Toyooka, Japón"
TJL,"Três Lagoas, Brasil"
TJM,"Tiumén, Rusia"
TJN,"Takume, Polinesia francés"
TJQ,"Tanjung Pandan, Indonesia"
TJU,"Kulob, Tayikistán"
TKD,"Sekondi-Takoradi, Ghana"
TKE,"Tenakee Springs, Estados Unidos"
TKG,"Bandar Lampung, Indonesia"
TKJ,"Tok, Estados Unidos"
TKK,"Chuuk State, micronesia"
TKN,"Tokunoshima, Japón"
TKP,"Takapoto, Polinesia francés"
TKQ,"Kigoma, Tanzania"
TKS,"Tokushima, Japón"
TKU,"Turku, Finlandia"
TKV,"Tatakoto, Polinesia francés"
TKX,"Takaroa, Polinesia francés"
TLA,"Teller, Estados Unidos"
TLC,"Toluca, México"
TLE,"Toliara, Madagascar"
TLH,"Tallahassee, Estados Unidos"
TLI,"Tolitoli, Indonesia"
TLK,"Vitim, Rusia"
TLL,"Tallin, Estonia"
TLM,"Tlemcen, Argelia"
TLN,"Tolón, Francia"
TLQ,"Turfán, China"
TLS,"Toulouse, Francia"
TLT,"Tuluksak, Estados Unidos"
TLU,"Tolú, Colombia"
TLV,"Tel Aviv, Israel"
TLY,"Plastun, Rusia"
TMC,"Tambolaka, Indonesia"
TME,"Tame, Colombia"
TMI,"Tumlingtar, Nepal"
TMJ,"Termez, Uzbekistán"
TML,"Tamale, Ghana"
TMM,"Toamasina, Madagascar"
TMN,"Tamana, Kiribati"
TMP,"Tampere, Finlandia"
TMR,"Tamanrasset, Argelia"
TMS,"Santo Tomé, Santo Tomé y Príncipe"
TMT,"Porto Trombetas, Brasil"
TMU,"Tambor, Costa Rica"
TMW,"Tamworth, Australia"
TMX,"Timimoun, Argelia"
TNA,"Jinan, China"
TNC,"Tin City, Estados Unidos"
TNE,"Tanegashima, Japón"
TNG,"Tánger, Marruecos"
TNH,"Tonghua, China"
TNJ,"Tanjung Pinang, Indonesia"
TNK,"Tununak, Estados Unidos"
TNN,"Tainan, Taiwán"
TNO,"Tamarindo, Costa Rica"
TNR,"Antananarivo, Madagascar"
TOE,"Tozeur, Túnez"
TOF,"Tomsk, Rusia"
TOH,"Islas Torres, Vanuatu"
TOL,"Toledo, Estados Unidos"
TOS,"Tromsø, Noruega"
TOW,"Toledo, Brasil"
TOY,"Toyama, Japón"
TPA,"Tampa, Estados Unidos"
TPE,"Taipéi, Taiwán"
TPP,"Tarapoto, Perú"
TPQ,"Tepic, México"
TPS,"Trapani, Italia"
TQA,"Tasiusaq, Groenlandia"
TQI,"Tiniteqilaaq, Groenlandia"
TQR,"San Domino Island, Italia"
TRC,"Torreón, México"
TRD,"Trondheim, Noruega"
TRE,"Tiree, Reino Unido"
TRF,"Oslo, Noruega"
TRG,"Tauranga, Nueva Zelanda"
TRI,"Bristol, Estados Unidos"
TRK,"Tarakan, Indonesia"
TRM,"Palm Springs, Estados Unidos"
TRN,"Turín, Italia"
TRO,"Taree, Australia"
TRR,"Trincomalee, Sri Lanka"
TRS,"Trieste, Italia"
TRT,"Tana Toraja, Indonesia"
TRU,"Trujillo, Perú"
TRV,"Thiruvananthapuram, India"
TRW,"Tarawa Sur (Bairiki), Kiribati"
TRZ,"Tiruchirappalli, India"
TSA,"Taipéi, Taiwán"
TSF,"Venecia, Italia"
TSJ,"Tsushima, Japón"
TSM,"Taos, Estados Unidos"
TSN,"Tianjin, China"
TSR,"Timișoara, Rumania"
TST,"Trang, Thailand, Tailandia"
TSU,"Tabiteuea South, Kiribati"
TSV,"Townsville, Australia"
TTE,"Ternate City, Indonesia"
TTJ,"Tottori, Japón"
TTN,"Trenton, Estados Unidos"
TTQ,"Tortuguero, Costa Rica"
TTT,"Taitung County, Taiwán"
TTU,"Tetuán, Marruecos"
TTX,", Australia"
TUB,"Tubuai, Polinesia francés"
TUC,"San Miguel de Tucumán, Argentina"
TUF,"Tours, Francia"
TUG,"Tuguegarao, Filipinas"
TUI,"Turaif, Arabia Saudita"
TUK,"Turbat, Pakistán"
TUL,"Tulsa, Estados Unidos"
TUN,"Tunis, Túnez"
TUO,"Taupo, Nueva Zelanda"
TUP,"Tupelo, Estados Unidos"
TUR,"Tucuruí, Brasil"
TUS,"Tucson, Estados Unidos"
TUU,"Tabuk, Arabia Saudita"
TVC,"Traverse City, Estados Unidos"
TVF,"Thief River Falls, Estados Unidos"
TVS,"Tangshan, China"
TVU,"Taveuni, Fiji"
TVY,"Dawei Township, Myanmar (Burma)"
TWC,"Tumxuk, China"
TWF,"Twin Falls, Estados Unidos"
TWT,"Tawi-Tawi, Filipinas"
TWU,"Tawau, Malasia"
TXF,"Teixeira de Freitas, Brasil"
TXK,"Texarkana, Estados Unidos"
TXN,"Huangshan, China"
TYD,"Tynda, Rusia"
TYF,"Torsby, Suecia"
TYL,"Talara, Perú"
TYN,"Taiyuán, China"
TYR,"Tyler, Estados Unidos"
TYS,"Knoxville, Estados Unidos"
TZA,"Ciudad de Belice, Belice"
TZL,"Tuzla, Bosnia-Herzegovina"
TZN,"South Andros, Bahamas"
TZX,"Trebisonda, pavo"
UAK,"Narsarsuaq, Groenlandia"
UAQ,"San Juan, Argentina"
UAS,"Condado de Samburu, Kenia"
UBA,"Uberaba, Brasil"
UBB,"Mabuiag, Australia"
UBJ,"Ube, Japón"
UBN,"Ulaanbaatar, Mongolia"
UBP,"Provincia de Ubon Ratchathani, Tailandia"
UBU,"Kalumburu, Australia"
UCB,"Ulanqab, China"
UCT,"Ujtá, Rusia"
UDI,"Uberlândia, Brasil"
UDJ,"Uzhhorod, Ucrania"
UDR,"Udaipur, India"
UEL,"Quelimane, Mozambique"
UEO,"Isla Kume, Japón"
UET,"Quetta, Pakistán"
UFA,"Ufá, Rusia"
UGC,"Urgench, Uzbekistán"
UGI,"Uganik, Estados Unidos"
UIB,"Quibdó, Colombia"
UIH,"Quy Nhơn, Vietnam"
UII,"Útila, Honduras"
UIN,"Quincy, Estados Unidos"
UIO,"Quito, Ecuador"
UIP,"Quimper, Francia"
UKA,"Ukunda, Kenia"
UKB,"Kobe, Japón"
UKG,"Ust-Kuyga, Rusia"
UKK,"Öskemen, Kazajstán"
UKX,"Ust-Kut, Rusia"
ULB,"Toak, Vanuatu"
ULG,"Ölgiy, Mongolia"
ULH,"Al-Ula, Arabia Saudita"
ULK,"Lensk, Rusia"
ULN,"Ulán Bator, Mongolia"
ULO,"Ulaangom, Mongolia"
ULP,"Quilpie, Australia"
ULV,"Uliánovsk, Rusia"
ULZ,"Uliastai, Mongolia"
UMD,"Uummannaq, Groenlandia"
UME,"Umeå, Suecia"
UNA,"Una, Brasil"
UND,"Kunduz, Afganistán"
UNG,"Kiunga, Papúa Nueva Guinea"
UNK,"Unalakleet, Estados Unidos"
UNN,"Provincia de Ranong, Tailandia"
UOL,"Buol, Indonesia"
UPG,"Macasar, Indonesia"
UPK,"Upernavik, Groenlandia"
UPN,"Uruapan, México"
URA,"Oral, Kazajstán"
URC,"Urumchi, China"
URE,"Kuressaare, Estonia"
URG,"Uruguayana, Brasil"
URJ,"Uray, Rusia"
URS,"Kursk, Rusia"
URT,"Provincia de Surat Thani, Tailandia"
URY,"Qurayyat, Saudi Arabia, Arabia Saudita"
USA,"Concord, Estados Unidos"
USH,"Ushuaia, Argentina"
USJ,"Usharal, Kazajstán"
USK,"Usinsk, Rusia"
USM,"Ko Samui, Tailandia"
USN,"Ulsan, Corea del Sur"
USR,"Ust-Nera, Rusia"
UST,"St. Augustine, Estados Unidos"
USU,"Busuanga, Filipinas"
UTH,"Udon Thani, Tailandia"
UTN,"Upington, Sudáfrica"
UTP,"Pattaya, Tailandia"
UTS,"Ust-Tsilma, Rusia"
UTT,"Mthatha, Sudáfrica"
UUA,"Bugulma, Rusia"
UUD,"Ulán-Udé, Rusia"
UUS,"Yuzhno-Sajalinsk, Rusia"
UVE,"Ouvéa, Nueva Caledonia"
UVF,"Millet, Santa Lucía"
UYL,"Nyala, Sudán"
UYN,"Yulín, China"
UYU,"Uyuni, Bolivia"
VAA,"Vaasa, Finlandia"
VAI,"Vanimo, Papúa Nueva Guinea"
VAK,"Chevak, Estados Unidos"
VAM,"Maamigili, Maldivas"
VAN,"Van, pavo"
VAO,"Suavanao, Islas Salomón"
VAR,"Varna, Bulgaria"
VAS,"Sivas, pavo"
VAV,"Vavaʻu, Tonga"
VAW,"Vardø, Noruega"
VBA,"Ann, Myanmar (Burma)"
VBV,"Vanua Balavu, Fiji"
VBY,"Visby, Suecia"
VCA,"Cần Thơ, Vietnam"
VCC,", Brasil"
VCE,"Venecia, Italia"
VCL,"Chu Lai, Vietnam"
VCP,"São Paulo, Brasil"
VCS,"Côn Sơn Island, Vietnam"
VCT,"Victoria, Estados Unidos"
VDC,"Vitória da Conquista, Brasil"
VDE,"Valverde, España"
VDH,"Đồng Hới, Vietnam"
VDM,"Viedma, Argentina"
VDO,"Ha Long, Vietnam"
VDS,"Vadsø, Noruega"
VDY,"Toranagallu, India"
VDZ,"Valdez, Estados Unidos"
VEE,"Venetie, Estados Unidos"
VEL,"Vernal, Estados Unidos"
VER,"Veracruz, México"
VFA,"Victoria Falls, Zimbabue"
VGA,"Vijayawada, India"
VGD,"Vologda, Rusia"
VGO,"Vigo, España"
VGZ,"Villagarzón, Colombia"
VHC,"Saurimo, Angola"
VHM,"Vilhelmina, Suecia"
VHV,"Verjneviliuisk, Rusia"
VHZ,"Vahitahi, Polinesia francés"
VIE,"Viena, Austria"
VIF,"Vieste, Italia"
VIG,"El Vigía, Venezuela"
VII,"Vinh, Vietnam"
VIJ,"Virgin Gorda, Islas Vírgenes Británicas"
VIL,"Dakhla, Sahara Occidental"
VIT,"Vitoria, España"
VIX,"Vitória, Brasil"
VKG,"Rạch Giá, Vietnam"
VKO,"Moscú, Rusia"
VKT,"Vorkutá, Rusia"
VLC,"Valencia, España"
VLD,"Valdosta, Estados Unidos"
VLI,"Port Vila, Vanuatu"
VLL,"Valladolid, España"
VLN,"Valencia, Venezuela"
VLS,"Valesdir, Vanuatu"
VLY,"Isla de Anglesey, Reino Unido"
VNE,"Vannes, Francia"
VNO,"Vilna, Lituania"
VNS,"Benarés, India"
VNX,"Vilanculos, Mozambique"
VOG,"Volgogrado, Rusia"
VOL,"Volos, Grecia"
VOZ,"Vorónezh, Rusia"
VPE,"Ondjiva, Angola"
VPG,"Kikambala, Kenia"
VPN,"Vopnafjörður, Islandia"
VPS,"Destin, Estados Unidos"
VPY,"Chimoio, Mozambique"
VQS,"Vieques, Estados Unidos"
VRA,"Varadero, Cuba"
VRB,"Vero Beach, Estados Unidos"
VRC,"Virac, Catanduanes, Filipinas"
VRL,"Vila Real, Portugal"
VRN,"Verona, Italia"
VRY,"Værøy, Noruega"
VSA,"Villahermosa, México"
VSE,"Viseu, Portugal"
VST,"Estocolmo, Suecia"
VTE,"Vientián, Laos"
VTZ,"Visakhapatnam, India"
VUP,"Valledupar, Colombia"
VUU,"Liwonde Mvuu Camp, Malawi"
VVC,"Villavicencio, Colombia"
VVI,"Santa Cruz de la Sierra, Bolivia"
VVO,"Vladivostok, Rusia"
VVZ,"Illizi, Argelia"
VXC,"Lichinga, Mozambique"
VXE,"Isla de São Vicente, Cabo Verde"
VXO,"Växjö, Suecia"
VYI,"Viliúisk, Rusia"
WAA,"Wales, Estados Unidos"
WAE,"Wadi ad-Dawasir, Arabia Saudita"
WAG,"Whanganui, Nueva Zelanda"
WAW,"Varsovia, Polonia"
WBB,"Stebbins, Estados Unidos"
WBM,"Wapenamanda District, Papúa Nueva Guinea"
WDH,"Windhoek, Namibia"
WDS,"Shiyan, China"
WEF,"Weifang, China"
WEH,"Weihai, China"
WEI,"Weipa, Australia"
WGA,"Wagga Wagga, Australia"
WGE,"Walgett, Australia"
WGN,"Shaoyang, China"
WGP,"Waingapu, Indonesia"
WHA,"Wuhu Xuanzhou, China"
WHK,"Whakatane, Nueva Zelanda"
WIL,"Nairobi, Kenia"
WIN,"Winton, Australia"
WJA,"Woja, Islas Marshall"
WJR,"Wajir, Kenia"
WJU,"Wonju, Corea del Sur"
WKA,"Wanaka, Nueva Zelanda"
WKJ,"Wakkanai, Japón"
WLG,"Wellington, Nueva Zelanda"
WLH,"Walaha, Vanuatu"
WLK,"Selawik, Estados Unidos"
WLS,"Wallis Island, Wallis y Futuna"
WMI,"Varsovia, Polonia"
WMN,"Maroantsetra, Madagascar"
WMO,"White Mountain, Estados Unidos"
WMT,"Zunyi, China"
WMX,"Wamena, Indonesia"
WNA,"Napakiak, Estados Unidos"
WNH,"Wenshan, China"
WNI,"Wangi-wangi Island, Indonesia"
WNN,"Wunnummin Lake, Canadá"
WNP,"Naga, Filipinas"
WNR,"Windorah, Australia"
WNZ,"Wenzhou, China"
WOL,"Wollongong, Australia"
WPR,"Porvenir, Chile"
WPU,"Puerto Williams, Chile"
WRE,"Whangarei, Nueva Zelanda"
WRG,"Wrangell, Estados Unidos"
WRO,"Breslavia, Polonia"
WRZ,"Weerawila, Sri Lanka"
WSK,"Wushan, China"
WSN,"South Naknek, Estados Unidos"
WSP,"Waspam, Nicaragua"
WSZ,"Westport, Nueva Zelanda"
WTB,"Toowoomba, Australia"
WTK,"Noatak, Estados Unidos"
WTL,"Tuntutuliak, Estados Unidos"
WUA,"Wuhai, China"
WUH,"Wuhan, China"
WUN,"Wiluna, Australia"
WUS,"Ciudad de Wuyishan, China"
WUT,"Xinzhóu, China"
WUU,"Wau, Sudán"
WUX,"Wuxi, China"
WUZ,"Wuzhou, China"
WVB,"Walvis Bay, Namibia"
WWK,"Wewak, Papúa Nueva Guinea"
WWP,"Whale Pass, Estados Unidos"
WWT,"Newtok, Estados Unidos"
WXN,"Wanzhou, China"
WYA,"Whyalla, Australia"
WYS,"West Yellowstone, Estados Unidos"
XAI,"Xinyang, China"
XAP,"Chapecó, Brasil"
XBE,"Bearskin Lake, Canadá"
XBJ,"Birjand, Corrí"
XCH,"Shire of Christmas Island, Australia"
XCR,"París, Francia"
XEQ,"Tasiusaq, Groenlandia"
XFN,"Xiangyang, China"
XFW,"Hamburg, Alemania"
XGR,"Kangiqsualujjuaq, Canadá"
XIC,"Xichang, China"
XIL,"Xilinhot, China"
XIQ,"Ilimanaq, Groenlandia"
XIY,"Xi'an, China"
XKH,"Phonsavan, Laos"
XKS,"Kasabonika First Nation, Canadá"
XMH,"Manihi, Polinesia francés"
XMN,"Xiamen, China"
XMY,"Yam Island, Australia"
XNA,"Fayetteville, Estados Unidos"
XNN,"Xining, China"
XPL,"Comayagua, Honduras"
XQP,"Quepos, Costa Rica"
XRY,"Jerez de la Frontera, España"
XSC,"Caicos del Sur, Turks y Caicos"
XSP,"Seletar, Singapur"
XTG,"Thargomindah, Australia"
XUZ,"Xuzhou, China"
XWA,"Williston, Estados Unidos"
YAB,"Arctic Bay, Canadá"
YAG,"Fort Frances, Canadá"
YAK,"Yakutat, Estados Unidos"
YAM,"Sault Ste. Marie, Canadá"
YAP,"Yap, micronesia"
YAQ,"Maple Bay, Canadá"
YAT,"Attawapiskat First Nation, Canadá"
YAX,"Wapekeka, Canadá"
YAY,"St. Anthony, Canadá"
YAZ,"Tofino, Canadá"
YBB,"Kugaaruk, Canadá"
YBC,"Baie-Comeau, Canadá"
YBE,"Uranium City, Canadá"
YBG,"Saguenay, Canadá"
YBI,"Black Tickle, Canadá"
YBK,"Baker Lake, Nunavut, Canadá"
YBL,"Campbell River, Canadá"
YBP,"Yibín, China"
YBR,"Brandon, Canadá"
YBX,"Blanc-Sablon, Canadá"
YCB,"Cambridge Bay, Canadá"
YCD,"Nanaimo, Canadá"
YCG,"Castlegar, Canadá"
YCK,"Colville Lake, Canadá"
YCM,"St. Catharines, Canadá"
YCO,"Kugluktuk, Canadá"
YCS,"Chesterfield Inlet, Canadá"
YCU,"Yuncheng, China"
YCY,"Clyde River, Nunavut, Canadá"
YDA,"Dawson City, Canadá"
YDF,"Deer Lake, Canadá"
YDP,"Nain, Canadá"
YDQ,"Dawson Creek, Canadá"
YEG,"Edmonton, Canadá"
YEI,"Bursa, pavo"
YEK,"Arviat, Canadá"
YER,"Fort Severn, Canadá"
YES,"Yasuj, Corrí"
YEV,"Inuvik, Canadá"
YFA,"Fort Albany First Nation, Canadá"
YFB,"Iqaluit, Canadá"
YFC,"Fredericton, Canadá"
YFJ,"Wekweeti, Canadá"
YFO,"Flin Flon, Canadá"
YFS,"Fort Simpson, Canadá"
YFX,"St. Lewis, Canadá"
YGG,"British Columbia, Canadá"
YGH,"Fort Good Hope, Canadá"
YGJ,"Yonago, Japón"
YGK,"Kingston, Canadá"
YGL,"La Grande River, Canadá"
YGP,"Gaspé, Canadá"
YGR,"Les Îles-de-la-Madeleine, Canadá"
YGT,"Igloolik, Canadá"
YGW,"Kuujjuarapik, Canadá"
YGX,"Gillam, Canadá"
YGZ,"Grise Fiord, Canadá"
YHA,"Port Hope Simpson, Canadá"
YHD,"Dryden, Canadá"
YHG,"Charlottetown, Canadá"
YHI,"Ulukhaktok, Canadá"
YHK,"Gjoa Haven, Canadá"
YHM,"Hamilton, Canadá"
YHO,"Hopedale, Canadá"
YHP,"Poplar Hill, Canadá"
YHS,"Sechelt, Canadá"
YHU,"Longueuil, Canadá"
YHY,"Hay River, Canadá"
YHZ,"Halifax, Canadá"
YIA,"Yogyakarta, Indonesia"
YIC,"Yichun, China"
YIE,"Arxan, China"
YIF,"Saint-Augustin, Côte-Nord, Quebec, Canadá"
YIH,"Yichang, China"
YIK,"Ivujivik, Canadá"
YIN,"Gulja, China"
YIO,"Pond Inlet, Canadá"
YIW,"Yiwu, China"
YKA,"Kamloops, Canadá"
YKF,"Waterloo, Canadá"
YKG,"Kangirsuk, Canadá"
YKH,"Yingkóu, China"
YKL,"Schefferville, Canadá"
YKM,"Yakima, Estados Unidos"
YKO,"Hakkâri, pavo"
YKQ,"Waskaganish, Canadá"
YKS,"Yakutsk, Rusia"
YKU,"Chisasibi, Canadá"
YLC,"Kimmirut, Canadá"
YLE,"Lac La Martre, Canadá"
YLL,"Lloydminster, Canadá"
YLW,"Kelowna, Canadá"
YLX,"Yulin, China"
YMH,"Mary's Harbour, Canadá"
YMM,"Fort McMurray, Canadá"
YMN,"Makkovik, Canadá"
YMO,"Moosonee, Canadá"
YMT,"Chibougamau, Canadá"
YMX,"Montreal, Canadá"
YNB,"Yanbu, Arabia Saudita"
YNC,"Wemindji, Quebec, Canadá"
YNJ,"Yanji, China"
YNL,"Points North Landing, Canadá"
YNO,"North Spirit Lake, Canadá"
YNP,"Natuashish, Canadá"
YNS,"Nemaska, Canadá"
YNT,"Yantái, China"
YNY,"Yangyang, Corea del Sur"
YNZ,"Yancheng, China"
YOC,"Old Crow, Canadá"
YOJ,"High Level, Canadá"
YOL,"Yola, Nigeria"
YON,"Trashigang, Bután"
YOW,"Ottawa, Canadá"
YPA,"Prince Albert, Canadá"
YPH,"Inukjuak, Canadá"
YPJ,"Aupaluk, Canadá"
YPL,"Pickle Lake, Canadá"
YPM,"Pikangikum First Nation, Canadá"
YPO,"Peawanuck, Canadá"
YPR,"Prince Rupert, Canadá"
YPW,"Powell River, British Columbia, Canadá"
YPX,"Puvirnituq, Canadá"
YPY,"Fort Chipewyan, Canadá"
YQB,"Quebec, Canadá"
YQC,"Quaqtaq, Canadá"
YQD,"The Pas, Canadá"
YQG,"Windsor, Canadá"
YQK,"Kenora, Canadá"
YQL,"Lethbridge, Canadá"
YQM,"Moncton, Canadá"
YQQ,"Comox, Canadá"
YQR,"Regina, Canadá"
YQT,"Thunder Bay, Canadá"
YQU,"Grande Prairie, Canadá"
YQX,"Gander, Canadá"
YQY,"Sydney, Canadá"
YQZ,"Quesnel, Canadá"
YRA,"Gameti, Canadá"
YRB,"Resolute, Canadá"
YRF,"Cartwright, Canadá"
YRG,"Rigolet, Canadá"
YRL,"Red Lake, Canadá"
YRT,"Rankin Inlet, Canadá"
YSB,"Gran Sudbury, Canadá"
YSF,"Stony Rapids, Canadá"
YSG,"Lutselk'e, Canadá"
YSJ,"Saint John, Canadá"
YSK,"Sanikiluaq, Canadá"
YSM,"Fort Smith, Canadá"
YSO,"Postville, Canadá"
YSQ,"Songyuan, China"
YTE,"Cape Dorset, Canadá"
YTH,"Thompson, Canadá"
YTL,"Big Trout Lake, Canadá"
YTM,"Mont-Tremblant, Canadá"
YTQ,"Tasiujaq, Canadá"
YTS,"Timmins, Canadá"
YTW,"Yutian, China"
YTY,"Yangzhou, China"
YTZ,"Toronto, Canadá"
YUD,"Umiujaq, Canadá"
YUL,"Montreal, Canadá"
YUM,"Yuma, Estados Unidos"
YUS,"Yushu, China"
YUT,"Naujaat, Canadá"
YUX,"Hall Beach, Canadá"
YUY,"Rouyn-Noranda, Canadá"
YVB,"Bonaventure, Canadá"
YVC,"La Ronge, Canadá"
YVM,"Qikiqtarjuaq, Canadá"
YVO,"Val-d Or, Canadá"
YVP,"Kuujjuaq, Canadá"
YVQ,"Norman Wells, Canadá"
YVR,"Vancouver, Canadá"
YVZ,"Deer Lake, Canadá"
YWB,"Kangiqsujuaq, Canadá"
YWG,"Winnipeg, Canadá"
YWH,"Victoria, Canadá"
YWJ,"Deline, Canadá"
YWK,"Wabush, Canadá"
YWL,"Williams Lake, Canadá"
YXC,"Cranbrook, Canadá"
YXE,"Saskatoon, Canadá"
YXH,"Medicine Hat, Canadá"
YXJ,"Fort St. John, Canadá"
YXL,"Sioux Lookout, Canadá"
YXN,"Whale Cove, Nunavut, Canadá"
YXP,"Pangnirtung, Canadá"
YXS,"Prince George, Canadá"
YXT,"Terrace, Canadá"
YXU,"London, Canadá"
YXX,"Abbotsford, Canadá"
YXY,"Whitehorse, Canadá"
YYA,"Yueyang, China"
YYB,"North Bay, Canadá"
YYC,"Calgary, Canadá"
YYD,"Smithers, Canadá"
YYE,"Fort Nelson, Canadá"
YYF,"Penticton, Canadá"
YYG,"Charlottetown, Canadá"
YYH,"Taloyoak, Canadá"
YYJ,"Victoria, Canadá"
YYQ,"Churchill, Canadá"
YYR,"Happy Valley-Goose Bay, Canadá"
YYT,"San Juan de Terranova, Canadá"
YYY,"Mont-Joli, Canadá"
YYZ,"Toronto, Canadá"
YZF,"Yellowknife, Canadá"
YZG,"Salluit, Canadá"
YZP,"Sandspit, Canadá"
YZS,"Coral Harbour, Canadá"
YZT,"Port Hardy, Canadá"
YZV,"Sept-Îles, Canadá"
YZY,"Zhangye, China"
YZZ,"Trail, Canadá"
ZAD,"Zadar, Croacia"
ZAG,"Zagreb, Croacia"
ZAH,"Zahedan, Corrí"
ZAL,"Valdivia, Chile"
ZAM,"Zamboanga, Filipinas"
ZAT,"Zhaotong, China"
ZAZ,"Zaragoza, España"
ZBF,"Bathurst, Canadá"
ZBL,"Biloela, Australia"
ZBR,"Chabahar, Corrí"
ZCL,"Zacatecas, México"
ZCO,"Temuco, Chile"
ZEL,"Bella Bella, Canadá"
ZEM,"Eastmain, Quebec, Canadá"
ZFD,"Fond-du-Lac, Canadá"
ZFN,"Tulita, Canadá"
ZGS,"La Romaine, Canadá"
ZGU,"Gaua, Vanuatu"
ZHA,"Zhanjiang, China"
ZHY,"Zhongwei, China"
ZIA,"Moscú, Rusia"
ZIG,"Ziguinchor, Senegal"
ZIH,"Ixtapa Zihuatanejo, México"
ZIS,"Zintan, Libia"
ZIX,"Zhigansk, Rusia"
ZKE,"Kashechewan, Canadá"
ZKP,"Zyryanka, Rusia"
ZLO,"Manzanillo, México"
ZMT,"Masset, Canadá"
ZNA,"Nanaimo, Canadá"
ZND,"Zinder, Níger"
ZNE,"Newman, Australia"
ZNZ,"Zanzíbar, Tanzania"
ZOS,"Osorno, Chile"
ZQN,"Queenstown, Nueva Zelanda"
ZQZ,"Zhangjiakou, China"
ZRH,"Zúrich, Suiza"
ZSA,"San Salvador Island, Bahamas"
ZSE,"Saint-Pierre, Reunión"
ZSJ,"Sandy Lake, Canadá"
ZTA,"Tureia, Polinesia francés"
ZTH,"Zante, Grecia"
ZUH,"Zhuhai, China"
ZUM,"Churchill Falls, Canadá"
ZVK,"Savannakhet, Laos"
ZWL,"Wollaston Lake, Canadá"
ZYI,"Zunyi, China"
ZYL,"Sylhet, Bangladesh"
ZZO,"Tymovskoye Zonalnoye, Rusia"
