IATA,Countries,Cities
AAA, Polinesia frances,Anaa
AAD, Somalia,Adado
AAE, Argelia,Annaba
AAK, Kiribati,Aranuka
AAL, Dinamarca,Aalborg
AAN, Emiratos Arabes Unidos,Al Ain
AAP, Indonesia,Samarinda
AAQ, Rusia,Anapa
AAR, Dinamarca,Aarhus
AAT, China,Altay
ABA, Rusia,Abakan
ABB, Nigeria,Asaba
ABD, Corri,Abadan
ABE, Estados Unidos,Allentown
ABF, Kiribati,Abaiang
ABI, Estados Unidos,Abilene
ABJ, Costa de Marfil,Abiyan
ABL, Estados Unidos,Ambler
ABM, Australia,Bamaga
ABQ, Estados Unidos,Albuquerque
ABR, Estados Unidos,Aberdeen
ABS, Egipto,Abu Simbel
ABT, Arabia Saudita,Al Bahah
ABU, Indonesia,Atambua
ABV, Nigeria,Abuya
ABX, Australia,Albury
ABY, Estados Unidos,Albany
ABZ, Reino Unido,Aberdeen
ACA, Mexico,Acapulco de Juarez
ACC, Ghana,Acra
ACE, Espana,Lanzarote
ACH, Suiza,Thal
ACI, Guernesey,Alderney
ACK, Estados Unidos,Nantucket
ACP, Corri,Bonab
ACT, Estados Unidos,Waco
ACV, Estados Unidos,Arcata
ACX, China,Xingyi
ACY, Estados Unidos,Atlantic City
ACZ, Corri,Zabol
ADA, pavo,Adana
ADB, pavo,Esmirna
ADD, Etiopia,Adis Abeba
ADE, Yemen,Aden
ADF, pavo,Adyaman
ADK, Estados Unidos,Isla Adak
ADL, Australia,Adelaida
ADQ, Estados Unidos,Kodiak
ADU, Corri,Ardabil
ADZ, Colombia,San Andres
AEA, Kiribati,Abemama Atoll
AEB, China,Baise
AEH, Chad,Abeche
AEM, Rusia,Amgu
AEP, Argentina,Buenos Aires
AER, Rusia,Sochi
AES, Noruega,Alesund
AET, Estados Unidos,Allakaket
AEU, Corri,Abu Musa
AEX, Estados Unidos,Alexandria
AEY, Islandia,Akureyri
AFA, Argentina,San Rafael
AFL, Brasil,Alta Floresta
AFZ, Corri,Sabzevar
AGA, Marruecos,Agadir
AGB, Alemania,Munich
AGH, Suecia,Angelholm
AGM, Groenlandia,Tasiilaq
AGN, Estados Unidos,Angoon
AGP, Espana,Malaga
AGR, India,Agra
AGS, Estados Unidos,Augusta
AGU, Mexico,Aguascalientes
AGX, India,Isla Agatti
AHB, Arabia Saudita,Abha
AHE, Polinesia frances,Ahe
AHJ, China,Aba Hongyuan
AHO, Italia,Alguer
AHU, Marruecos,Alhucemas
AIA, Estados Unidos,Alliance
AIC, Islas Marshall,Airok
AIN, Estados Unidos,Wainwright
AIP, India,Jalandhar
AIR, Brasil,Aripuana
AIS, Kiribati,Arorae Island
AIT, Islas Cook,Aitutaki
AJA, Francia,Ajaccio
AJF, Arabia Saudita,Provincia de Yauf
AJI, pavo,Agr
AJL, India,Aizawl
AJN, Comoras,Anjouan
AJR, Suecia,Arvidsjaur
AJU, Brasil,Aracaju
AJY, Niger,Agadez
AKA, China,Ankang
AKF, Libia,Kufrah
AKI, Estados Unidos,Akiak
AKJ, Japon,Asahikawa
AKK, Estados Unidos,Akhiok
AKL, Nueva Zelanda,Auckland
AKN, Estados Unidos,King Salmon
AKP, Estados Unidos,Anaktuvuk Pass
AKR, Nigeria,Akure
AKS, Islas Salomon,Auki
AKU, China,Ciudad de Aksu
AKV, Canada,Akulivik
AKX, Kazajstan,Aktobe
AKY, Myanmar (Burma),Sittwe
ALA, Kazajstan,Almaty
ALB, Estados Unidos,Albany
ALC, Espana,Alicante
ALF, Noruega,Alta
ALG, Argelia,Argel
ALH, Australia,Albany
ALO, Estados Unidos,Waterloo
ALP, Siria,Aleppo
ALQ, Brasil,
ALS, Estados Unidos,Alamosa
ALW, Estados Unidos,Walla Walla
ALY, Egipto,Alexandria
ALZ, Estados Unidos,Lazy Bay
AMA, Estados Unidos,Amarillo
AMD, India,Ahmedabad
AMH, Etiopia,Arba Minch
AMM, Jordan,Aman
AMQ, Indonesia,Ambon
AMS, Paises Bajos,Amsterdam
ANA, Kenia,Masai Mara
ANC, Estados Unidos,Anchorage
ANF, Chile,Antofagasta
ANI, Estados Unidos,Aniak
ANR, Belgica,Bruselas
ANU, Antigua y Barbuda,Isla Antigua
ANV, Estados Unidos,Anvik
ANX, Noruega,Andenes
AOE, pavo,Eskisehir
AOG, China,Anshan
AOI, Italia,Ancona
AOJ, Japon,Aomori
AOK, Grecia,Karpathos
AOO, Estados Unidos,Altoona
AOQ, Groenlandia,Aappilattoq
AOR, Malasia,Alor Setar
AOS, Estados Unidos,Amook Bay
APK, Polinesia frances,Apataki
APL, Mozambique,Nampula
APN, Estados Unidos,Alpena
APO, Colombia,Apartado
APW, Samoa,Apia
AQG, China,Anqing
AQI, Arabia Saudita,Qaisumah
AQJ, Jordan,Aqaba
AQP, Peru,Arequipa
ARC, Estados Unidos,Arctic Village
ARD, Indonesia,Alor Island
ARH, Rusia,Arcangel
ARI, Chile,Arica
ARK, Tanzania,Arusha
ARM, Australia,Armidale
ARN, Suecia,Estocolmo
ART, Estados Unidos,Watertown
ARU, Brasil,Aracatuba
ARX, Brasil,Aracati
ASB, Turkmenistan,Asjabad
ASE, Estados Unidos,Aspen
ASF, Rusia,Astracan
ASJ, Japon,Amami
ASM, Eritrea,Asmara
ASO, Etiopia,Asosa
ASP, Australia,Alice Springs
ASR, pavo,Kayseri
ASS, Sudafrica,Arathusa Safari Lodge
ASU, Paraguay,Asuncion
ASV, Kenia,Amboseli National Park
ASW, Egipto,Asuan
ATD, Islas Salomon,Atoifi
ATH, Grecia,Atenas
ATK, Estados Unidos,Atqasuk
ATL, Estados Unidos,Atlanta
ATM, Brasil,Altamira
ATQ, India,Amritsar
ATT, Estados Unidos,Atmautluak
ATW, Estados Unidos,Appleton
ATY, Estados Unidos,Watertown
ATZ, Egipto,Asiut
AUA, Aruba,Aruba
AUC, Colombia,Arauca
AUG, Estados Unidos,Augusta
AUH, Emiratos Arabes Unidos,Abu Dabi
AUQ, Polinesia frances,Hiva Oa
AUR, Francia,Aurillac
AUS, Estados Unidos,Austin
AUU, Australia,Aurukun
AUX, Brasil,Araguaina
AUY, Vanuatu,Aneityum
AVA, China,Anshun
AVL, Estados Unidos,Asheville
AVN, Francia,Avinon
AVP, Estados Unidos,Wilkes-Barre
AVV, Australia,Melbourne
AWA, Etiopia,Awasa
AWD, Vanuatu,Aniwa Island
AWZ, Corri,Ahwaz
AXA, Anguilla,Anguilla
AXD, Grecia,Alejandropolis
AXF, China,Alxa
AXJ, Japon,Amakusa
AXM, Colombia,Armenia
AXP, Bahamas,Spring Point
AXR, Polinesia frances,Arutua
AXT, Japon,Akita
AYM, Emiratos Arabes Unidos,Yas Island
AYP, Peru,Ayacucho
AYQ, Australia,Uluru
AYT, pavo,Antalya
AZA, Estados Unidos,Phoenix
AZD, Corri,Yazd
AZN, Uzbekistan,Andizhan
AZO, Estados Unidos,Kalamazoo
AZR, Argelia,Adrar
AZS, Republica Dominicana,Santa Barbara de Samana
BAH, Bahrein,Bahrain Island
BAL, pavo,Batman
BAQ, Colombia,Barranquilla
BAR, China,Qionghai
BAS, Islas Salomon,Balalae Island
BAV, China,Baotou
BAX, Rusia,Barnaul
BAY, Rumania,Baia Mare
BBA, Chile,Balmaceda
BBG, Kiribati,Butaritari Atoll
BBI, India,Bhubaneshwar
BBK, Botswana,Kasane
BBN, Malasia,Bario
BBO, Somalia,Berbera
BCD, Filipinas,Bacolod
BCI, Australia,Barcaldine
BCM, Rumania,Bacau
BCN, Espana,Barcelona
BCO, Etiopia,Jinka
BCU, Nigeria,Bauchi
BDA, islas Bermudas,Bermuda
BDB, Australia,Bundaberg Region
BDD, Australia,Badu Island
BDH, Corri,Bandar Lengeh
BDJ, Indonesia,Banjarmasin
BDL, Estados Unidos,Hartford
BDO, Indonesia,Bandung
BDP, Mechi,Bhadrapur
BDQ, India,Vadodara
BDS, Italia,Brindisi
BDU, Noruega,Andselv
BEB, Reino Unido,Benbecula
BEF, Nicaragua,Bluefields
BEG, Serbia,Belgrado
BEJ, Indonesia,Tanjung Redeb
BEK, India,Bareilly
BEL, Brasil,Belem
BEN, Libia,Benghazi
BER, Alemania,Berlin
BES, Francia,Brest
BET, Estados Unidos,Bethel
BEU, Australia,Bedourie
BEW, Mozambique,Beira
BEY, Libano,Beirut
BEZ, Kiribati,Beru Island
BFD, Estados Unidos,Bradford
BFF, Estados Unidos,Scottsbluff
BFI, Estados Unidos,Seattle
BFJ, China,Bijie
BFL, Estados Unidos,Bakersfield
BFN, Sudafrica,Bloemfontein
BFS, Reino Unido,Belfast
BFV, Tailandia,Provincia de Buri Ram
BFX, Camerun,Bafoussam
BGA, Colombia,Bucaramanga
BGC, Portugal,Braganca
BGF, Republica Centroafricana,Bangui
BGG, pavo,Bingol
BGI, Barbados,Bridgetown
BGM, Estados Unidos,Binghamton
BGN, Sakha Republic,Belaya Gora
BGO, Noruega,Bergen
BGR, Estados Unidos,Bangor
BGW, Irak,Bagdad
BGX, Brasil,Bage
BGY, Italia,Milan
BHB, Estados Unidos,Bar Harbor
BHD, Reino Unido,Belfast
BHE, Nueva Zelanda,Blenheim
BHH, Arabia Saudita,Bisha
BHI, Argentina,Bahia Blanca
BHJ, India,Bhuj
BHK, Uzbekistan,Bujara
BHM, Estados Unidos,Birmingham
BHO, India,Bhopal
BHQ, Australia,Broken Hill
BHR, Nepal,Bharatpur
BHS, Australia,Bathurst
BHU, India,Bhavnagar
BHV, Pakistan,Bahawalpur
BHX, Reino Unido,Birmingham
BHY, China,Beihai
BIA, Francia,Bastia
BIB, Somalia,Baidoa
BIC, Francia,
BIH, Estados Unidos,Bishop
BIK, Indonesia,Biak
BIL, Estados Unidos,Billings
BIM, Bahamas,Bimini
BIO, Espana,Bilbao
BIQ, Francia,Biarritz
BIR, Nepal,Biratnagar
BIS, Estados Unidos,Bismarck
BJA, Argelia,Bugia
BJB, Corri,Bojnord
BJF, Noruega,Batsfjord
BJI, Estados Unidos,Bemidji
BJL, Gambia,Banjul
BJM, Burundi,Buyumbura
BJR, Etiopia,Bahir Dar
BJV, pavo,Bodrum
BJW, Indonesia,Bajawa
BJX, Mexico,Leon
BJZ, Espana,Badajoz
BKB, India,Bikaner
BKC, Estados Unidos,Buckland
BKG, Estados Unidos,Branson
BKI, Malasia,Kota Kinabalu
BKK, Tailandia,Bangkok
BKL, Estados Unidos,Cleveland
BKM, Malasia,Ba kelalan
BKO, mali,Bamako
BKQ, Australia,Blackall
BKS, Indonesia,Bengkulu
BKW, Estados Unidos,Beckley
BKZ, Tanzania,Bukoba
BLA, Venezuela,Barcelona
BLD, Estados Unidos,Las Vegas
BLI, Estados Unidos,Bellingham
BLJ, Argelia,Batna
BLL, Dinamarca,Billund
BLQ, Italia,Bolonia
BLR, India,Bangalore
BLV, Estados Unidos,Belleville
BLZ, Malawi,Blantyre
BMA, Suecia,Estocolmo
BME, Australia,Broome
BMI, Estados Unidos,Bloomington
BMO, Myanmar (Burma),Bhamo
BMU, Indonesia,Bima
BMV, Vietnam,Buon Ma Thuot
BMW, Argelia,Bordj Badji Mokhtar
BMY, Nueva Caledonia,Art Island
BNA, Estados Unidos,Nashville
BND, Corri,Bandar Abbas
BNE, Australia,Brisbane
BNI, Nigeria,Ciudad de Benin
BNK, Australia,Ballina
BNN, Noruega,Brnnysund
BNX, Bosnia-Herzegovina,Bania Luka
BNY, Islas Salomon,Bellona Island
BOB, Polinesia frances,Bora Bora
BOC, Panama,Bocas del Toro
BOD, Francia,Burdeos
BOG, Colombia,Bogota
BOH, Reino Unido,Bournemouth
BOI, Estados Unidos,Boise
BOJ, Bulgaria,Burgas
BOM, India,Mumbai
BON, Caribe Paises Bajos,Bonaire
BOO, Noruega,Bod
BOS, Estados Unidos,Boston
BOY, Burkina Faso,Bobo-Dioulasso
BPE, China,Qinhuangdao
BPG, Brasil,Barra do Garcas
BPL, China,Bole
BPN, Indonesia,Balikpapan
BPS, Brasil,Porto Seguro
BPT, Estados Unidos,Beaumont
BPX, China,Chamdo
BQB, Australia,Busselton
BQJ, Rusia,Batagay
BQK, Estados Unidos,Brunswick
BQL, Australia,Boulia
BQN, Puerto Rico,Aguadilla
BQS, Rusia,Blagoveshchensk
BQW, Australia,Balgo
BRA, Brasil,Barreiras
BRC, Argentina,San Carlos de Bariloche
BRD, Estados Unidos,Brainerd
BRE, Alemania,Bremen
BRI, Italia,Bari
BRK, Australia,Bourke
BRL, Estados Unidos,Burlington
BRM, Venezuela,Barquisimeto
BRO, Estados Unidos,Brownsville
BRQ, Chequia,Brno
BRR, Reino Unido,Barra
BRS, Reino Unido,Bristol
BRT, Australia,Bathurst Island
BRU, Belgica,Bruselas
BRW, Estados Unidos,Barrow
BSA, Somalia,Bosaso
BSB, Brasil,Brasilia
BSC, Colombia,Bahia Solano
BSD, China,Baoshan
BSG, Guinea Ecuatorial,Bata
BSK, Argelia,Biskra
BSL, Suiza,Basilea
BSO, Filipinas,Basco
BSR, Irak,Basora
BTC, Sri Lanka,Batticaloa
BTH, Indonesia,Batam
BTI, Estados Unidos,Barter Island
BTJ, Indonesia,Banda Aceh
BTK, Rusia,Bratsk
BTM, Estados Unidos,Butte
BTR, Estados Unidos,Baton Rouge
BTS, Eslovaquia,Bratislava
BTT, Estados Unidos,Bettles
BTU, Malasia,Bintulu
BTV, Estados Unidos,Burlington
BUA, Papua Nueva Guinea,Buka Island
BUC, Australia,Burketown
BUD, Hungria,Budapest
BUF, Estados Unidos,Bufalo
BUN, Colombia,Buenaventura
BUQ, Zimbabue,Bulawayo
BUR, Estados Unidos,Burbank
BUS, Georgia,Batumi
BUT, Butan,Jakar
BUU, Indonesia,Muara Bungo
BUW, Indonesia,Bau-Bau
BUX, Republica Democratica del Congo,Bunia
BUZ, Corri,Bushehr
BVA, Francia,Paris
BVB, Brasil,Boa Vista
BVC, Cabo Verde,Boa Vista
BVE, Francia,Brive-la-Gaillarde
BVG, Noruega,Berlevag
BVH, Brasil,Vilhena
BVI, Australia,Birdsville
BVJ, Rusia,Bovanenkovo
BVS, Brasil,Breves
BWA, Nepal,Siddharthanagar
BWE, Alemania,Brunswick
BWI, Estados Unidos,Washington D. C.
BWN, Brunei,Bandar Seri Begawan
BWT, Australia,Burnie
BWX, Indonesia,Banyuwangi
BXB, Indonesia,Babo
BXG, Australia,Bendigo
BXR, Corri,Bam
BXU, Filipinas,Butuan
BYC, Bolivia,Yacuiba
BYK, Costa de Marfil,Bouake
BYO, Brasil,Bonito
BYP, Australia,Barimunya
BYR, Dinamarca,Ls
BZA, Nicaragua,Bonanza
BZE, Belice,Ciudad de Belice
BZG, Polonia,Bydgoszcz
BZK, Rusia,Bryansk
BZN, Estados Unidos,Bozeman
BZR, Francia,Beziers
BZV, Republica del Congo,Brazzaville
BZX, China,Enyang
CAC, Brasil,Cascavel
CAE, Estados Unidos,Columbia
CAF, Brasil,Carauari
CAG, Italia,Cagliari
CAH, Vietnam,Ca Mau Province
CAI, Egipto,El Cairo
CAJ, Venezuela,Canaima National Park
CAK, Estados Unidos,Akron
CAL, Reino Unido,Campbeltown
CAN, China,Canton
CAP, Haiti,Cabo Haitiano
CAT, Portugal,Cascais Municipality
CAU, Brasil,Caruaru
CAW, Brasil,Campos dos Goytacazes
CAY, Guayana frances,Cayena
CAZ, Australia,Cobar
CBB, Bolivia,Cochabamba
CBG, Reino Unido,Cambridge
CBH, Argelia,Bechar
CBI, Australia,Cape Barren Island
CBO, Filipinas,Cotabato
CBQ, Nigeria,Calabar
CBR, Australia,Canberra
CBT, Angola,Catumbela
CCC, Cuba,Cayo Coco
CCF, Francia,Carcasona
CCJ, India,Kozhikode
CCK, Cocos (Keeling),Home Island
CCP, Chile,Concepcion
CCS, Venezuela,Caracas
CCU, India,Calcuta
CCV, Vanuatu,Craig Cove
CDB, Estados Unidos,Cold Bay
CDC, Estados Unidos,Cedar City
CDE, China,Chengde
CDG, Francia,Paris
CDP, India,Cuddapah
CDR, Estados Unidos,Chadron
CDT, Espana,Castellon de la Plana
CDV, Estados Unidos,Cordova
CEB, Filipinas,Cebu
CEC, Estados Unidos,Crescent City
CED, Australia,Ceduna
CEE, Rusia,Cherepovets
CEI, Tailandia,Provincia de Chiang Rai
CEK, Rusia,Cheliabinsk
CEN, Mexico,Ciudad Obregon
CEZ, Estados Unidos,Cortez
CFB, Brasil,Cabo Frio
CFE, Francia,Clermont-Ferrand
CFK, Argelia,Chlef
CFN, Irlanda,Donegal
CFR, Francia,Caen
CFS, Australia,Coffs Harbour
CFU, Grecia,Corfu
CGA, Estados Unidos,Craig
CGB, Brasil,Cuiaba
CGD, China,Changde
CGH, Brasil,Sao Paulo
CGI, Estados Unidos,Cape Girardeau
CGK, Indonesia,Yakarta
CGM, Filipinas,Camiguin
CGN, Alemania,Colonia
CGO, China,Zhengzhou
CGP, Bangladesh,Chittagong
CGQ, China,Changchun
CGR, Brasil,Campo Grande
CGY, Filipinas,Cagayan de Oro
CHA, Estados Unidos,Chattanooga
CHC, Nueva Zelanda,Christchurch
CHG, China,Chaoyang
CHH, Peru,Chachapoyas
CHO, Estados Unidos,Charlottesville
CHQ, Grecia,La Canea
CHS, Estados Unidos,Charleston
CHT, Nueva Zelanda,Waitangi
CHU, Estados Unidos,Chuathbaluk
CHX, Panama,Changuinola
CHY, Islas Salomon,Choiseul Bay
CIA, Italia,Roma
CID, Estados Unidos,Cedar Rapids
CIF, China,Ulanhad
CIH, China,Changzhi
CIJ, Bolivia,Cobija
CIK, Estados Unidos,Chalkyitsik
CIT, Kazajstan,Shymkent
CIU, Estados Unidos,Sault Sainte Marie
CIX, Peru,Chiclayo
CIY, Italia,Comiso
CIZ, Brasil,Coari
CJA, Peru,Cajamarca
CJB, India,Coimbatore
CJC, Chile,Calama
CJF, Australia,Coondewanna
CJJ, Corea del Sur,Cheongju
CJL, Pakistan,Chitral
CJM, Tailandia,Provincia de Chumphon
CJS, Mexico,Ciudad Juarez
CJU, Corea del Sur,Ciudad de Jeju
CKB, Estados Unidos,Clarksburg
CKD, Estados Unidos,Crooked Creek
CKG, China,Chongqing
CKH, Rusia,Chokurdakh
CKS, Brasil,Parauapebas
CKX, Estados Unidos,Chicken
CKY, Guinea,Conakri
CKZ, pavo,Canakkale
CLD, Estados Unidos,San Diego
CLE, Estados Unidos,Cleveland
CLJ, Rumania,Cluj-Napoca
CLL, Estados Unidos,College Station
CLO, Colombia,Cali
CLP, Estados Unidos,Clark's Point
CLQ, Mexico,Colima
CLT, Estados Unidos,Charlotte
CLV, Brasil,Caldas Novas
CLY, Francia,Calvi
CMA, Australia,Cunnamulla
CMB, Sri Lanka,Colombo
CME, Mexico,Ciudad del Carmen
CMF, Francia,Chambery
CMG, Brasil,Corumba
CMH, Estados Unidos,Columbus
CMI, Estados Unidos,Champaign
CMK, Malawi,Club Makokola
CMN, Marruecos,Casablanca
CMW, Cuba,Camaguey
CMX, Estados Unidos,Hancock
CNC, Australia,Coconut Island
CND, Rumania,Constanza
CNF, Brasil,Belo Horizonte
CNJ, Australia,Cloncurry
CNM, Estados Unidos,Carlsbad
CNN, India,Kannur
CNP, Groenlandia,Ittoqqortoormiit
CNQ, Argentina,Corrientes
CNS, Australia,Cairns
CNX, Tailandia,Chiang Mai
CNY, Estados Unidos,Moab
COD, Estados Unidos,Cody
COK, India,Cochin
COL, Reino Unido,Coll Island
COO, Benin,Cotonu
COR, Argentina,Cordoba (Argentina)
COS, Estados Unidos,Colorado Springs
COU, Estados Unidos,Columbia
CPC, Argentina,San Martin de los Andes
CPD, Australia,Coober Pedy
CPE, Mexico,San Francisco de Campeche
CPF, Indonesia,Cepu
CPH, Dinamarca,Copenhague
CPO, Chile,Copiapo
CPR, Estados Unidos,Casper
CPT, Sudafrica,Ciudad del Cabo
CPV, Brasil,Campina Grande
CPX, Puerto Rico,Culebra
CQD, Corri,Shahre-Kord
CQW, China,Wulong
CRA, Rumania,Craiova
CRD, Argentina,Comodoro Rivadavia
CRI, Bahamas,Crooked Island
CRK, Filipinas,Angeles
CRL, Belgica,Bruselas
CRM, Filipinas,Catarman
CRP, Estados Unidos,Corpus Christi
CRV, Italia,Crotone
CRW, Estados Unidos,Charleston
CRZ, Turkmenistan,Turkmenabat
CSA, Reino Unido,Colonsay
CSG, Estados Unidos,Columbus
CSK, Senegal,Cap Skiring
CSU, Brasil,
CSX, China,Changsha
CSY, Rusia,Cheboksary
CTA, Italia,Catania
CTC, Argentina,San Fernando del Valle de Catamarca
CTG, Colombia,Cartagena de Indias
CTL, Australia,Charleville
CTM, Mexico,Chetumal
CTN, Australia,Cooktown
CTS, Japon,Sapporo
CTU, China,Chengdu
CUC, Colombia,Cucuta
CUE, Ecuador,Cuenca
CUF, Italia,Cuneo
CUK, Belice,Caye Caulker
CUL, Mexico,Culiacan
CUM, Venezuela,Cumana
CUN, Mexico,Cancun
CUQ, Australia,Coen
CUR, Curacao,Willemstad
CUU, Mexico,Chihuahua
CUZ, Peru,Cuzco
CVG, Estados Unidos,Cincinnati
CVM, Mexico,Ciudad Victoria
CVN, Estados Unidos,Clovis
CVQ, Australia,Carnarvon
CVU, Portugal,Isla de Corvo
CWA, Estados Unidos,Wausau
CWB, Brasil,Curitiba
CWJ, China,Cangyuan Va Autonomous County
CWL, Reino Unido,Cardiff
CXB, Bangladesh,Cox's Bazar
CXH, Canada,Vancouver
CXI, Kiribati,Kiritimati
CXJ, Brasil,Caxias do Sul
CXR, Vietnam,Nha Trang
CYA, Haiti,Les Cayes
CYB, Islas Caiman,Cayman Brac
CYD, Belice,San Ignacio
CYF, Estados Unidos,Chefornak
CYI, Taiwan,Chiayi
CYO, Cuba,Cayo Largo del Sur
CYP, Filipinas,Calbayog
CYS, Estados Unidos,Cheyenne
CYX, Rusia,Chersky
CYZ, Filipinas,Cauayan
CZH, Belice,Corozal
CZL, Argelia,Constantina
CZM, Mexico,Cozumel
CZN, Estados Unidos,Chisana
CZS, Brasil,Cruzeiro do Sul
CZU, Colombia,Corozal
CZX, China,Changzhou
DAB, Estados Unidos,Daytona Beach
DAC, Bangladesh,Daca
DAD, Vietnam,a Nang
DAL, Estados Unidos,Dallas
DAM, Siria,Damascus
DAR, Tanzania,Dar es-Salam
DAT, China,Datong
DAU, Papua Nueva Guinea,Daru
DAV, Panama,David
DAX, China,Dazhou
DAY, Estados Unidos,Dayton
DBC, China,Baicheng
DBO, Australia,Dubbo
DBQ, Estados Unidos,Dubuque
DBR, India,Darbhanga
DBV, Croacia,Dubrovnik
DCA, Estados Unidos,Washington D. C.
DCG, Emiratos Arabes Unidos,Dubai Creek
DCM, Francia,Castres
DCY, China,Daocheng County
DDC, Estados Unidos,Dodge City
DDD, Maldivas,Dhaalu
DDG, China,Dandong
DEB, Hungria,Debrecen
DEC, Estados Unidos,Decatur
DED, India,Dehradun
DEE, Rusia,Yuzhno-Kurilsk
DEF, Corri,Dezful
DEL, India,Nueva Delhi
DEN, Estados Unidos,Denver
DEX, Indonesia,Yahukimo Regency
DFW, Estados Unidos,Dallas
DGA, Belice,Dangriga
DGE, Australia,Mudgee
DGO, Mexico,Victoria de Durango
DGT, Filipinas,Dumaguete
DHG, Rusia,Dalnegorsk
DHI, Nepal,Dhangadhi
DHM, India,Dharamsala
DHN, Estados Unidos,Dothan
DIB, India,Dibrugarh
DIE, Madagascar,Antsiranana
DIG, China,Prefectura autonoma tibetana de Deqen
DIK, Estados Unidos,Dickinson
DIL, Timor Oriental,Dili
DIN, Vietnam,ien Bien Phu
DIR, Etiopia,Dire Dawa
DIU, India,Diu
DIY, pavo,Diyarbakr
DJB, Indonesia,Jambi
DJE, Tunez,Yerba
DJG, Argelia,Djanet
DJH, Emiratos Arabes Unidos,Jebel Ali
DJJ, Indonesia,Jayapura
DJN, Estados Unidos,Delta Junction
DKS, Rusia,Dikson
DLA, Camerun,Duala
DLC, China,Dalian
DLE, Francia,Dole
DLG, Estados Unidos,Dillingham
DLH, Estados Unidos,Duluth
DLI, Vietnam,a Lat
DLM, pavo,Dalaman
DLU, China,Ciudad de Dali
DLY, Vanuatu,Dillons Bay
DMB, Kazajstan,Taraz
DMD, Australia,Doomadgee
DME, Rusia,Moscu
DMK, Tailandia,Bangkok
DMM, Arabia Saudita,Dammam
DMU, India,Dimapur
DND, Reino Unido,Dundee
DNH, China,Dunhuang
DNK, Ucrania,Dnipro
DNZ, pavo,Denizli
DOB, Indonesia,Dobo
DOD, Tanzania,Dodoma
DOH, Katar,Doha
DOL, Francia,Deauville
DOM, dominica,Saint Andrew Parish
DOP, Nepal,Dolpa
DOY, China,Dongying
DPB, Chile,Cameron
DPL, Filipinas,Dipolog
DPO, Australia,Devonport
DPS, Indonesia,Denpasar
DPT, Sakha Republic,Deputatsky
DQA, China,Daqing
DQM, Oman,Duqm
DRB, Australia,Derby
DRG, Estados Unidos,Deering
DRK, Costa Rica,Bahia Drake
DRO, Estados Unidos,Durango
DRS, Alemania,Dresde
DRT, Estados Unidos,Del Rio
DRV, Maldivas,Dharavandhoo
DRW, Australia,Darwin
DSA, Reino Unido,Doncaster
DSE, Etiopia,Dese
DSM, Estados Unidos,Des Moines
DSN, China,Ciudad de Ordos
DSS, Senegal,Dakar
DTB, Indonesia,Siborong-Borong
DTM, Alemania,Dortmund
DTU, China,Wudalianchi
DTW, Estados Unidos,Detroit
DUB, Irlanda,Dublin
DUD, Nueva Zelanda,Dunedin
DUE, Angola,Dundo
DUJ, Estados Unidos,DuBois
DUR, Sudafrica,Durban
DUS, Alemania,Dusseldorf
DUT, Estados Unidos,Dutch Harbor
DVL, Estados Unidos,Devils Lake
DVO, Filipinas,Davao
DWD, Arabia Saudita,Ad Dawadimi
DWO, Sri Lanka,Sri Jayawardenapura Kotte
DWR, Afganistan,Dwyer
DXB, Emiratos Arabes Unidos,Dubai
DYG, China,Zhangjiajie
DYR, Rusia,Anadyr
DYU, Tayikistan,Dusambe
DZA, Mayotte,Mamoudzou
DZN, Kazajstan,Zhezkazgan
EAA, Estados Unidos,Eagle
EAE, Vanuatu,Emae
EAM, Arabia Saudita,Najran
EAR, Estados Unidos,Kearney
EAS, Espana,San Sebastian
EAT, Estados Unidos,Wenatchee
EAU, Estados Unidos,Eau Claire
EBA, Italia,Elba (isla)
EBB, Uganda,Entebbe
EBD, Sudan,El Obeid
EBH, Argelia,El Bayadh
EBJ, Dinamarca,Esbjerg
EBL, Irak,Erbil
ECN, Chipre,Northern Cyprus
ECP, Estados Unidos,Panama City
EDA, Estados Unidos,Edna Bay
EDI, Reino Unido,Edimburgo
EDL, Kenia,Eldoret
EDN, Rusia,Yedinka
EDO, pavo,Edremit
EDR, Australia,Pormpuraaw
EEA, Brasil,
EEK, Estados Unidos,Eek
EFL, Grecia,Kefalonia
EGC, Francia,Bergerac
EGE, Estados Unidos,Vail
EGM, Islas Salomon,Seghe
EGN, Sudan,Geneina
EGO, Rusia,Belgorod
EGS, Islandia,Egilsstair
EGX, Estados Unidos,Egegik
EIN, Paises Bajos,Eindhoven
EIS, Islas Virgenes Britanicas,Tortola
EJA, Colombia,Barrancabermeja
EJH, Arabia Saudita,Al Wajh
EJN, China,Ejin Banner
EKO, Estados Unidos,Elko
EKS, Rusia,Shakhtyorsk
ELC, Australia,Elcho Island
ELD, Estados Unidos,El Dorado
ELF, Sudan,El Fasher
ELG, Argelia,El Golea
ELH, Bahamas,North Eleuthera
ELI, Estados Unidos,Elim
ELM, Estados Unidos,Elmira
ELP, Estados Unidos,El Paso
ELQ, Arabia Saudita,Casim
ELS, Sudafrica,East London
ELU, Argelia,El Oued
ELV, Estados Unidos,Elfin Cove
EMA, Reino Unido,Nottingham
EMD, Australia,Emerald
EMR, Guatemala,El Mirador Heliport
ENA, Estados Unidos,Kenai
ENE, Indonesia,Ende
ENH, China,Enshi
ENI, Filipinas,El Nido
ENU, Nigeria,Enugu
ENY, China,Yan an
EOH, Colombia,Medellin
EPR, Australia,Esperance
EQS, Argentina,Esquel
ERC, pavo,Erzincan
ERF, Alemania,Erfurt
ERG, Rusia,Yerbogachen
ERH, Marruecos,Er-Rachidia
ERI, Estados Unidos,Erie
ERL, China,Eren Hot
ERM, Brasil,Erechim
ERN, Brasil,Eirunepe
ERS, Namibia,Windhoek
ERZ, pavo,Erzurum
ESB, pavo,Ankara
ESC, Estados Unidos,Escanaba
ESD, Estados Unidos,Eastsound
ESL, Rusia,Elista
ESU, Marruecos,Esauira
ETL, Rusia,Svetlaya
ETM, Israel,Eilat
ETZ, Francia,Nancy
EUG, Estados Unidos,Eugene
EUN, Marruecos,Laayoune
EUQ, Filipinas,San Jose de Labangan
EUX, Caribe Paises Bajos,San Eustaquio
EVE, Noruega,Narvik
EVG, Suecia,Sveg
EVN, Armenia,Erevan
EVV, Estados Unidos,Evansville
EWB, Estados Unidos,New Bedford
EWE, Indonesia,
EWN, Estados Unidos,New Bern
EWR, Estados Unidos,Nueva York
EXI, Estados Unidos,Excursion Inlet
EXT, Reino Unido,Exeter
EYK, Rusia,Beloyarsky
EYP, Colombia,Yopal
EYW, Estados Unidos,Cayo Hueso
EZE, Argentina,Buenos Aires
EZS, pavo,Elazg
EZV, Rusia,Beriozovo
FAC, Polinesia frances,Faaite
FAE, Islas Faroe,Srvagur
FAH, Afganistan,Farah
FAI, Estados Unidos,Fairbanks
FAO, Portugal,Faro
FAR, Estados Unidos,Fargo
FAT, Estados Unidos,Fresno
FAV, Polinesia frances,Fakarava
FAY, Estados Unidos,Fayetteville
FBM, Republica Democratica del Congo,Lubumbashi
FCA, Estados Unidos,Kalispell
FCO, Italia,Roma
FDE, Noruega,Frde
FDF, Martinica,Fort-de-France
FDH, Alemania,Friedrichshafen
FEG, Uzbekistan,Fergana
FEN, Brasil,Fernando de Noronha
FEZ, Marruecos,Fez
FGU, Polinesia frances,Fangatau
FHZ, Polinesia frances,Fakahina
FIE, Reino Unido,Fair Isle
FIH, Republica Democratica del Congo,Kinshasa
FIZ, Australia,Fitzroy Crossing
FJR, Emiratos Arabes Unidos,Fujairah
FKB, Alemania,Karlsruhe
FKI, Republica Democratica del Congo,Kisangani
FKQ, Indonesia,Fakfak
FKS, Japon,Fukushima
FLA, Colombia,Florencia
FLG, Estados Unidos,Grand Canyon Village
FLL, Estados Unidos,Fort Lauderdale
FLN, Brasil,Florianopolis
FLO, Estados Unidos,Florence
FLR, Italia,Florencia
FLS, Australia,Isla Flinders
FLW, Portugal,Flores Island
FLZ, Indonesia,Sibolga
FMA, Argentina,Formosa
FMI, Republica Democratica del Congo,Kalemie
FMM, Alemania,Memmingen
FMO, Alemania,Munster
FNA, Sierra Leona,Freetown
FNC, Portugal,Madeira
FNI, Francia,Nimes
FNL, Estados Unidos,Fort Collins/Loveland
FNT, Estados Unidos,Flint
FOA, Reino Unido,Foula
FOC, China,Fuzhou
FOD, Estados Unidos,Fort Dodge
FOG, Italia,Foggia
FON, Costa Rica,La Fortuna
FOR, Brasil,Fortaleza
FPO, Bahamas,Freeport
FRA, Alemania,Francfort del Meno
FRD, Estados Unidos,Eastsound
FRE, Islas Salomon,Fera Island
FRL, Italia,Bolonia Forli
FRO, Noruega,Flor
FRS, Guatemala,Flores
FRU, Kirguizistan,Biskek
FRW, Botswana,Francistown
FSC, Francia,Figari
FSD, Estados Unidos,Sioux Falls
FSM, Estados Unidos,Fort Smith
FSP, San Pedro y Miquelon,San Pedro
FSZ, Japon,Shizuoka
FTA, Vanuatu,Futuna
FTE, Argentina,El Calafate
FTU, Madagascar,Tolanaro
FUE, Espana,Fuerteventura
FUG, China,Fuyang
FUJ, Japon,Fukue Island
FUK, Japon,Fukuoka
FUN, Tuvalu,Funafuti
FUO, China,Foshan
FUT, Wallis y Futuna,Futuna
FWA, Estados Unidos,Fort Wayne
FYJ, Heilongjiang,Fuyuan
FYN, China,Fuyun County
FYT, Chad,Faya-Largeau
FYU, Estados Unidos,Fort Yukon
GAE, Tunez,Gabes
GAJ, Japon,Yamagata
GAL, Estados Unidos,Galena
GAM, Estados Unidos,Gambell
GAN, Maldivas,Gan
GAU, India,Guwahati
GAY, India,Gaya
GBE, Botswana,Gaborone
GBI, India,Kalaburagi
GBT, Corri,Gorgan
GCC, Estados Unidos,Gillette
GCH, Corri,Gachsaran
GCI, Guernesey,Guernsey
GCK, Estados Unidos,Garden City
GCM, Islas Caiman,Grand Cayman
GCN, Estados Unidos,Grand Canyon Village
GCW, Arizona,Grand Canyon West
GDE, Etiopia,Gode
GDL, Mexico,Guadalajara
GDN, Polonia,Gdansk
GDQ, Etiopia,Gondar
GDT, Turks y Caicos,Cockburn Town
GDV, Estados Unidos,Glendive
GDX, Rusia,Magadan
GDZ, Rusia,Gelendzhik
GEA, Nueva Caledonia,Numea
GEG, Estados Unidos,Spokane
GEL, Brasil,Santo Angelo
GEM, Guinea Ecuatorial,Mongomo
GEO, Guayana,Georgetown
GER, Cuba,Nueva Gerona
GES, Filipinas,General Santos
GET, Australia,Geraldton
GEV, Suecia,Gallivare
GFF, Australia,Griffith
GFK, Estados Unidos,Grand Forks
GFN, Australia,Grafton
GGB, Brasil,Agua Boa
GGF, Brasil,Almeirim
GGG, Estados Unidos,Longview
GGR, Somalia,Garoe
GGT, Bahamas,George Town
GGW, Estados Unidos,Glasgow
GHA, Argelia,Gardaya
GHB, Bahamas,Governor's Harbour
GIB, Gibraltar,Gibraltar
GIC, Australia,Boigu Island
GIG, Brasil,Rio de Janeiro
GIL, Pakistan,Gilgit
GIS, Nueva Zelanda,Gisborne
GIT, Tanzania,Geita
GIU, Sri Lanka,Sigiriya
GIZ, Arabia Saudita,Jizan
GJA, Honduras,Guanaja
GJL, Argelia,Jijel
GJT, Estados Unidos,Grand Junction
GKA, Papua Nueva Guinea,Goroka
GLA, Reino Unido,Glasgow
GLF, Costa Rica,Canton de Golfito
GLH, Estados Unidos,Greenville
GLK, Somalia,Galcaio
GLN, Marruecos,Guelmim
GLT, Australia,Gladstone
GLU, Butan,Gelephu
GLV, Estados Unidos,Golovin
GMA, Republica Democratica del Congo,Gemena
GMB, Etiopia,Gambela
GME, Bielorrusia,Homiel
GMO, Nigeria,Gombe
GMP, Corea del Sur,Seul
GMQ, China,Prefectura autonoma tibetana de Golog
GMR, Polinesia frances,Totegegie
GMZ, Espana,San Sebastian de La Gomera
GNB, Francia,Grenoble
GND, Granada,St George's
GNJ, Azerbaiyan,
GNM, Brasil,Guanambi
GNS, Indonesia,Gunungsitoli
GNU, Estados Unidos,Goodnews Bay
GNV, Estados Unidos,Gainesville
GNY, pavo,Sanliurfa
GOA, Italia,Genova
GOB, Etiopia,Goba
GOH, Groenlandia,Nuuk
GOI, India,Goa
GOJ, Rusia,Nizhni Novgorod
GOM, Republica Democratica del Congo,Goma
GOP, India,Gorakhpur
GOQ, China,Golmud
GOT, Suecia,Gotemburgo
GOU, Camerun,Garua
GOV, Australia,Nhulunbuy
GPA, Grecia,Patras
GPB, Brasil,Guarapuava
GPI, Colombia,Guapi
GPS, Ecuador,Isla Baltra
GPT, Estados Unidos,Gulfport
GRB, Estados Unidos,Green Bay
GRI, Estados Unidos,Grand Island
GRJ, Sudafrica,George
GRK, Estados Unidos,Killeen
GRO, Espana,Gerona
GRQ, Paises Bajos,Groninga
GRR, Estados Unidos,Grand Rapids
GRU, Brasil,Sao Paulo
GRV, Rusia,Grozni
GRW, Portugal,Isla Graciosa
GRX, Espana,Granada
GRY, Islandia,Grimsey
GRZ, Austria,Graz
GSM, Corri,Qeshm
GSO, Estados Unidos,Greensboro
GSP, Estados Unidos,Greenville
GST, Estados Unidos,Gustavus
GSV, Rusia,Saratov
GTE, Australia,Groote Eylandt
GTF, Estados Unidos,Great Falls
GTO, Indonesia,Gorontalo
GTR, Estados Unidos,Columbus
GTS, Australia,The Granites
GTZ, Tanzania,Grumeti Game Reserve
GUA, Guatemala,Guatemala
GUC, Estados Unidos,Gunnison
GUM, Guam,Hagatna
GUO, Somalia,Guri el
GUR, Papua Nueva Guinea,Alotau
GUW, Kazajstan,Atirau
GVA, Suiza,Ginebra
GVN, Rusia,
GVR, Brasil,Governador Valadares
GWD, Pakistan,Gwadar
GWL, India,Gwalior
GWT, Alemania,Westerland
GXF, Yemen,Seiyun
GXH, China,Xiahe
GYA, Bolivia,Guayaramerin
GYD, Azerbaiyan,Baku
GYE, Ecuador,Guayaquil
GYN, Brasil,Goiania
GYS, China,Guangyuan
GYU, China,Guyuan County
GZG, China,Ganzi
GZO, Islas Salomon,Gizo
GZP, pavo,Gazipasa
GZT, pavo,Gaziantep
HAA, Noruega,Hasvik
HAC, Japon,Hachijojima
HAD, Suecia,Halmstad
HAH, Comoras,Moroni
HAJ, Alemania,Hannover
HAK, China,Haikou
HAM, Alemania,Hamburgo
HAN, Vietnam,Hanoi
HAS, Arabia Saudita,Hail
HAU, Noruega,Haugesund
HAV, Cuba,La Habana
HAY, Colombia,Aguachica
HBA, Australia,Hobart
HBE, Egipto,Alejandria
HBQ, China,Qilian
HBX, India,Hubli
HCJ, China,Hechi
HCQ, Australia,Halls Creek
HCR, Estados Unidos,Holy Cross
HCZ, China,
HDF, Alemania,Heringsdorf
HDG, China,Handan
HDN, Estados Unidos,Hayden
HDS, Limpopo,Hoedspruit
HDY, Tailandia,Hat Yai
HEA, Afganistan,Herat
HEH, Myanmar (Burma),Heho
HEK, China,Heihe
HEL, Finlandia,Helsinki
HER, Grecia,Heraclion
HET, China,Hohhot
HFE, China,Hefei
HFN, Islandia,Hofn
HFS, Suecia,Hagfors
HFT, Noruega,Hammerfest
HGA, Somalia,Hargeisa
HGD, Australia,Hughenden
HGH, China,Hangzhou
HGN, Tailandia,Provincia de Mae Hong Son
HGO, Costa de Marfil,Korhogo
HGR, Estados Unidos,Hagerstown
HGU, Papua Nueva Guinea,Mount Hagen
HHH, Estados Unidos,Hilton Head Island
HHN, Alemania,Francfort del Meno
HHQ, Tailandia,Tambon Hua Hin
HHR, Estados Unidos,Hawthorne
HHZ, Polinesia frances,Hikueru
HIA, China,Huai an
HIB, Estados Unidos,Hibbing
HID, Australia,Horn Island
HIJ, Japon,Hiroshima
HIN, Corea del Sur,Jinju
HIR, Islas Salomon,Honiara
HJJ, China,Huaihua
HKB, Estados Unidos,Healy Lake
HKD, Japon,Hakodate
HKG, Hong Kong,Hong Kong
HKK, Nueva Zelanda,Hokitika
HKN, Papua Nueva Guinea,Hoskins
HKR, Kenia,Masai Mara
HKT, Tailandia,Phuket City
HLA, Sudafrica,Johannesburgo
HLD, China,Hailar
HLE, Santa Elena,Jamestown
HLH, China,Ulanhot
HLN, Estados Unidos,Helena
HLP, Indonesia,Yakarta
HLZ, Nueva Zelanda,Hamilton
HMA, Rusia,Janti-Mansisk
HMB, Egipto,Suhag
HME, Argelia,Hassi Messaoud
HMI, China,Kumul
HMO, Mexico,Hermosillo
HMV, Suecia,Hemavan
HNA, Japon,Hanamaki
HND, Japon,Tokio
HNH, Estados Unidos,Hoonah
HNL, Estados Unidos,Honolulu
HNM, Estados Unidos,Hana
HNS, Estados Unidos,Haines
HNY, China,Hengyang
HOB, Estados Unidos,Hobbs
HOF, Arabia Saudita,Hofuf
HOG, Cuba,Holguin
HOI, Polinesia frances,Hao
HOM, Estados Unidos,Homer
HOR, Portugal,Horta
HOT, Estados Unidos,Hot Springs
HOU, Estados Unidos,Houston
HOV, Noruega,Volda
HOX, Myanmar (Burma),Homalin
HPB, Estados Unidos,Hooper Bay
HPG, China,Shennongjia
HPH, Vietnam,Hai Phong
HPN, Estados Unidos,Condado de Westchester
HRB, China,Harbin
HRE, Zimbabue,Harare
HRG, Egipto,Hurgada
HRI, Sri Lanka,Hambantota
HRK, Ucrania,Jarkov
HRL, Estados Unidos,Harlingen
HRO, Estados Unidos,Harrison
HSA, Kazajstan,Turkistan
HSC, China,Shaoguan
HSG, Japon,Saga
HSL, Estados Unidos,Huslia
HSN, China,Zhoushan
HSV, Estados Unidos,Huntsville
HTA, Rusia,Chita
HTG, Rusia,Khatanga
HTI, Australia,Isla Hamilton
HTN, China,Ciudad de Jotan
HTS, Estados Unidos,Huntington
HTT, China,Mangnai
HTY, pavo,Provincia de Hatay
HUH, Polinesia frances,Huahine
HUI, Vietnam,Hue
HUN, Taiwan,Condado de Hualien
HUO, China,Holin Gol
HUS, Estados Unidos,Hughes
HUU, Peru,Huanuco
HUX, Mexico,Santa Maria Huatulco
HUY, Reino Unido,Kirmington
HUZ, China,Huizhou
HVB, Australia,Hervey Bay
HVD, Mongolia,Hovd
HVG, Noruega,Honningsvag
HVN, Estados Unidos,New Haven
HVR, Estados Unidos,Havre
HXD, China,Delingha
HYA, Estados Unidos,Hyannis
HYD, India,Hyderabad
HYG, Estados Unidos,Hydaburg
HYN, China,Taizhou
HYS, Estados Unidos,Hays
HZA, China,Heze
HZG, China,Hanzhong
HZH, China,Liping
HZK, Islandia,Husavik
IAA, Rusia,Igarka
IAD, Estados Unidos,Washington D. C.
IAG, Estados Unidos,Niagara Falls
IAH, Estados Unidos,Houston
IAM, Argelia,In Amenas
IAN, Estados Unidos,Kiana
IAO, Filipinas,Del Carmen
IAR, Rusia,Yaroslavl
IAS, Rumania,Iasi
IBA, Nigeria,Ibadan
IBE, Colombia,Ibague
IBR, Japon,Ibaraki
IBZ, Espana,Ibiza
ICI, Fiji,Cicia
ICN, Corea del Sur,Seul
ICT, Estados Unidos,Wichita
IDA, Estados Unidos,Idaho Falls
IDR, India,Indore
IEG, Polonia,Zielona Gora
IEV, Ucrania,Kiev
IFJ, Islandia,Isafjorur
IFN, Corri,Isfahan
IFO, Ucrania,Ivano-Frankivsk
IGA, Bahamas,Inagua
IGD, pavo,Igdr
IGG, Estados Unidos,Igiugig
IGR, Argentina,Puerto Iguazu
IGT, Rusia,Nazran
IGU, Brasil,Foz do Iguacu
IHR, Corri,Iranshahr
IIL, Corri,Ilam
IJK, Rusia,Izhevsk
IKA, Corri,Teheran
IKE, Groenlandia,Ikerasak
IKI, Japon,Iki
IKS, Rusia,Tiksi
IKT, Rusia,Irkutsk
IKU, Kirguizistan,Tamchy
ILD, Espana,Lerida
ILG, Estados Unidos,Wilmington
ILI, Estados Unidos,Iliamna
ILM, Estados Unidos,Wilmington
ILO, Filipinas,Iloilo
ILP, Nueva Caledonia,Isle of Pines
ILQ, Peru,Ilo
ILR, Nigeria,Ilorin
ILY, Reino Unido,Islay
IMF, India,Imfal
IMK, Nepal,Simikot
IMP, Brasil,Imperatriz
IMT, Estados Unidos,Iron Mountain
INA, Rusia,Inta
INB, Belice,Mango Creek
INC, China,Yinchuan
IND, Estados Unidos,Indianapolis
INF, Argelia,In Guezzam
INH, Mozambique,Inhambane
INI, Serbia,Nis
INL, Estados Unidos,International Falls
INN, Austria,Innsbruck
INU, Nauru,Yaren
INV, Reino Unido,Inverness
INZ, Argelia,In Salah
IOA, Grecia,Ioanina
IOM, Isla del hombre,Douglas
IOQ, Groenlandia,Isertoq
IOS, Brasil,Ilheus
IPA, Vanuatu,Ipota
IPC, Chile,Isla de Pascua
IPH, Malasia,Ipoh
IPI, Colombia,Ipiales
IPL, Estados Unidos,El Centro
IPN, Brasil,Ipatinga
IQA, Irak,Al Asad
IQM, China,Qiemo
IQN, China,Qingyang
IQQ, Chile,Iquique
IQT, Peru,Iquitos
IRA, Islas Salomon,Kirakira
IRG, Australia,Lockhart River
IRI, Tanzania,Nduli
IRJ, Argentina,La Rioja
IRK, Estados Unidos,Kirksville
IRM, Rusia,Igrim
IRP, Republica Democratica del Congo,Isiro
ISA, Australia,Mount Isa
ISB, Pakistan,Islamabad
ISC, Reino Unido,St Mary's
ISE, pavo,Isparta
ISG, Japon,Ishigaki
ISK, India,Nashik
ISP, Estados Unidos,Islip
IST, pavo,Estambul
ISU, Irak,Solimania
ITB, Brasil,Itaituba
ITH, Estados Unidos,Ithaca
ITM, Japon,Osaka
ITO, Estados Unidos,Hilo
ITU, Rusia,Iturup
IUE, Niue,Alofi
IUI, Groenlandia,Innaarsuit
IVC, Nueva Zelanda,Invercargill
IVL, Finlandia,Ivalo
IVR, Australia,Inverell
IWA, Rusia,Ivanovo
IWD, Estados Unidos,Ironwood
IWJ, Japon,Masuda
IWK, Japon,Iwakuni
IXA, India,Agartala
IXB, India,Bagdogra
IXC, India,Chandigarh
IXD, India,Allahabad
IXE, India,Mangalore
IXG, India,Belgaum
IXI, India,Distrito de Lakhimpur
IXJ, India,Jammu
IXK, India,Junagadh / Veraval
IXL, India,Leh
IXM, India,Madurai
IXP, India,Pathankot
IXR, India,Ranchi
IXS, India,Silchar
IXT, India,Pasighat
IXU, India,Aurangabad
IXX, India,Bidar
IXY, India,Kandla
IXZ, India,Port Blair
IZA, Brasil,Juiz de Fora
IZO, Japon,Izumo
IZT, Mexico,Ciudad Ixtepec
JAC, Estados Unidos,Jackson
JAE, Peru,Jaen
JAF, Sri Lanka,Jaffna
JAI, India,Jaipur
JAN, Estados Unidos,Jackson
JAR, Corri,Jahrom
JAU, Peru,Jauja
JAV, Groenlandia,Ilulissat
JAX, Estados Unidos,Jacksonville
JBQ, Republica Dominicana,Santo Domingo
JBR, Estados Unidos,Jonesboro
JBS, Brasil,Sao Borja
JCH, Groenlandia,Qasigiannguit
JCK, Australia,Julia Creek
JCU, Espana,Ceuta
JDH, India,Jodhpur
JDO, Brasil,Juazeiro do Norte
JDZ, China,Jingdezhen
JED, Arabia Saudita,Yeda
JEE, Haiti,Jeremie
JEG, Groenlandia,Aasiaat
JEK, Zambia,Lower Zambezi National Park
JER, Jersey,Saint Helier
JFK, Estados Unidos,Nueva York
JFR, Groenlandia,Paamiut
JGA, India,Jamnagar
JGB, India,Jagdalpur
JGD, China,Jiagedaqi
JGN, China,Jiayuguan
JGO, Groenlandia,Qeqertarsuaq
JGS, China,Ji an
JHB, Malasia,Johor Bahru
JHG, China,Jinghong
JHM, Estados Unidos,Kapalua
JHS, Groenlandia,Sisimiut
JIA, Brasil,Juina
JIB, Djibouti,Balbala
JIC, China,Jinchang
JIJ, Etiopia,Jijiga
JIK, Grecia,Icaria
JIM, Etiopia,Jima
JIN, Uganda,Jinja
JIQ, China,Distrito de Qianjiang
JIU, China,Jiujiang
JJD, Brasil,Cruz
JJG, Brasil,Jaguaruna
JJN, China,Quanzhou
JJU, Groenlandia,Qaqortoq
JKH, Grecia,Chios
JKL, Grecia,Kalimnos
JKR, Nepal,Janakpur
JLN, Estados Unidos,Joplin
JLR, India,Jabalpur
JMJ, China,Lancang Lahu Autonomous County
JMK, Grecia,Miconos
JMO, Nepal,Jomsom
JMS, Estados Unidos,Jamestown
JMU, China,Jiamusi
JNB, Sudafrica,Johannesburgo
JNG, China,Jining
JNN, Groenlandia,Nanortalik
JNS, Groenlandia,Narsaq
JNU, Estados Unidos,Juneau
JNX, Grecia,Naxos
JNZ, China,Jinzhou
JOE, Finlandia,Joensuu
JOG, Indonesia,Yogyakarta
JOI, Brasil,Joinville
JOS, Nigeria,Jos
JPA, Brasil,Joao Pessoa
JPE, Brasil,
JPO, Brasil,Patos
JPR, Brasil,Ji-Parana
JQA, Groenlandia,Qaarsut
JRG, India,Jharsuguda
JRH, India,Jorhat
JRO, Tanzania,Mount Kilimanjaro
JRT, Brasil,Juruti
JSA, India,Jaisalmer
JSH, Grecia,Sitia
JSI, Grecia,Sciathos
JSJ, China,Jiansanjiang
JSR, Bangladesh,Jessore
JST, Estados Unidos,Johnstown
JSU, Groenlandia,Maniitsoq
JSY, Grecia,Siros
JTC, Brasil,Bauru
JTR, Grecia,Santorini
JTY, Grecia,Astypalaia
JUB, Sudan del Sur,Yuba
JUH, China,Chizhou
JUJ, Argentina,San Salvador de Jujuy
JUK, Groenlandia,Ukkusissat
JUL, Peru,Juliaca
JUM, Nepal,Jumla
JUV, Groenlandia,Upernavik
JUZ, China,Quzhou
JXA, China,Jixi
JYR, Corri,Jiroft
JYV, Finlandia,Jyvaskyla
JZH, China,Jiuzhaigou County
KAD, Nigeria,Kaduna
KAE, Estados Unidos,Kake
KAJ, Finlandia,Kajaani
KAL, Estados Unidos,Kaltag
KAN, Nigeria,Kano
KAO, Finlandia,Kuusamo
KAW, Myanmar (Burma),Kawthaung Township
KBC, Estados Unidos,Birch Creek
KBH, Tanzania,Kahama
KBK, India,
KBL, Afganistan,Kabul
KBP, Ucrania,Kiev
KBR, Malasia,Kota Bharu
KBU, Indonesia,Kotabaru Regency
KBV, Tailandia,Krabi
KCA, China,Kuqa County
KCC, Estados Unidos,Coffman Cove
KCH, Malasia,Kuching
KCK, Rusia,Kirensk
KCM, pavo,Kahramanmaras
KCO, pavo,Kocaeli
KCT, Sri Lanka,Koggala
KCZ, Japon,Kochi
KDH, Afganistan,Kandahar
KDI, Indonesia,Kendari
KDL, Estonia,Kardla
KDU, Pakistan,Skardu
KDV, Fiji,Kadavu Island
KEB, Estados Unidos,Nanwalek
KEF, Islandia,Reikiavik
KEJ, Rusia,Kemerovo
KEK, Estados Unidos,Ekwok
KEM, Finlandia,Kemi
KEO, Costa de Marfil,Odienne
KEP, Nepal,Nepalgunj
KER, Corri,Kerman
KET, Myanmar (Burma),Kengtung
KEU, Kenia,Masai Mara
KEW, Canada,Keewaywin
KFS, pavo,Kastamonu
KGA, Republica Democratica del Congo,Kananga
KGC, Australia,Kingscote
KGD, Rusia,Kaliningrado
KGE, Islas Salomon,Kaghau Island
KGF, Kazajstan,Karaganda
KGI, Australia,Kalgoorlie
KGK, Estados Unidos,Koliganek
KGL, Ruanda,Kigali
KGP, Rusia,Kogalym
KGQ, Groenlandia,Kangersuatsiaq
KGS, Grecia,Isla de Cos
KGT, China,Kangding
KGX, Estados Unidos,Grayling
KHD, Corri,Khorramabad
KHE, Ucrania,Jerson
KHG, China,Kasgar
KHH, Taiwan,Kaohsiung
KHI, Pakistan,Karachi
KHK, Corri,Kharg
KHM, Myanmar (Burma),Khamti
KHN, China,Nanchang
KHQ, Groenlandia,Kullorsuaq
KHS, Oman,Jasab
KHV, Rusia,Jabarovsk
KHX, Uganda,Kihihi
KHY, Corri,Khoy
KHZ, Polinesia frances,Kauehi
KIE, Papua Nueva Guinea,Kieta
KIF, Canada,Kingfisher Lake
KIH, Corri,Kish Island
KIJ, Japon,Niigata
KIM, Sudafrica,Kimberley
KIN, Jamaica,Kingston
KIO, Islas Marshall,Kili Island
KIR, Irlanda,Condado de Kerry
KIS, Kenia,Kisumu
KIT, Grecia,Kythira
KIV, Moldavia,Chisinau
KIX, Japon,Osaka
KJA, Rusia,Krasnoyarsk
KJB, India,Kurnool
KJH, China,Huangping County
KJI, China,Burqin
KKA, Estados Unidos,Koyuk
KKB, Estados Unidos,Kitoi Bay
KKC, Tailandia,Khon Kaen
KKE, Nueva Zelanda,Kerikeri
KKH, Estados Unidos,Kongiganak
KKI, Estados Unidos,Akiachak
KKJ, Japon,Kitakyushu
KKN, Noruega,Kirkenes
KKR, Polinesia frances,Kaukura
KKS, Corri,Kashan
KKX, Japon,Kikaiga Shima
KLB, Zambia,Kalabo District
KLF, Rusia,Kaluga
KLG, Estados Unidos,Upper Kalskag
KLH, India,Kolhapur
KLN, Estados Unidos,Larsen Bay
KLO, Filipinas,Kalibo
KLR, Suecia,Kalmar
KLU, Austria,Klagenfurt
KLW, Estados Unidos,Klawock
KLX, Grecia,Kalamata
KME, Ruanda,Cyangugu
KMG, China,Kunming
KMI, Japon,Miyazaki
KMJ, Japon,Kumamoto
KMO, Estados Unidos,Manokotak
KMQ, Japon,Komatsu
KMS, Ghana,Kumasi
KMU, Somalia,Kismayo
KMV, Myanmar (Burma),Kalay
KMY, Estados Unidos,Moser Bay
KND, Republica Democratica del Congo,Kindu
KNG, Indonesia,Kaimana
KNH, Taiwan,Kinmen
KNK, Estados Unidos,Kakhonak
KNO, Indonesia,Medan
KNQ, Nueva Caledonia,Kone
KNS, Australia,Isla King
KNU, India,Kanpur
KNW, Estados Unidos,New Stuyahok
KNX, Australia,Kununurra
KOA, Estados Unidos,Kailua
KOC, Nueva Caledonia,Koumac
KOE, Indonesia,Kupang
KOI, Reino Unido,Kirkwall
KOJ, Japon,Kagoshima
KOK, Finlandia,Kokkola
KOP, Tailandia,Provincia de Nakhon Phanom
KOS, Camboya,Ciudad de Sihanoukville
KOV, Kazajstan,Kokshetau
KOW, China,Ganzhou
KOY, Estados Unidos,Olga Bay
KOZ, Estados Unidos,Ouzinkie
KPB, Estados Unidos,Point Baker
KPN, Estados Unidos,Kipnuk
KPO, Corea del Sur,Pohang
KPR, Estados Unidos,Port Williams
KPV, Estados Unidos,Perryville
KPW, Rusia,Keperveyem
KPY, Estados Unidos,Port Bailey
KQH, India,Kishangarh
KQT, Tayikistan,Qurghonteppa
KRF, Suecia,Kramfors / Solleftea
KRK, Polonia,Cracovia
KRL, China,Korla
KRN, Suecia,Kiruna
KRO, Rusia,Kurgan
KRP, Dinamarca,Karup
KRR, Rusia,Krasnodar
KRS, Noruega,Kristiansand
KRT, Sudan,Jartum
KRW, Turkmenistan,Turkmenbashi
KRY, China,Karamay
KSA, micronesia,Kosrae
KSC, Eslovaquia,Kosice
KSE, Uganda,Kasese
KSF, Alemania,Kassel
KSH, Corri,Kermanshah
KSJ, Grecia,Kasos
KSL, Sudan,Kassala
KSM, Estados Unidos,St. Mary s
KSN, Kazajstan,Kostanay
KSO, Grecia,Kastoria
KSQ, Uzbekistan,Qarshi
KSU, Noruega,Kristiansund
KSY, pavo,Kars
KTA, Australia,Karratha
KTB, Estados Unidos,Thorne Bay
KTG, Indonesia,Ketapang
KTJ, Kenia,Masai Mara
KTM, Nepal,Katmandu
KTN, Estados Unidos,Ketchikan
KTR, Australia,Katherine
KTS, Estados Unidos,Brevig Mission
KTT, Finlandia,Kittila
KTW, Polonia,Katowice
KUA, Malasia,Kuantan
KUC, Kiribati,Kuria
KUD, Malasia,Kudat
KUF, Rusia,Samara
KUG, Australia,Moa Island
KUH, Japon,Kushiro
KUK, Estados Unidos,Kasigluk
KUL, Malasia,Kuala Lumpur
KUM, Japon,Yakushima
KUN, Lituania,Kaunas
KUO, Finlandia,Kuopio
KUS, Groenlandia,Kulusuk
KUT, Georgia,Kutaisi
KUU, India,Kullu
KUV, Corea del Sur,Gunsan
KUZ, Groenlandia,Kuummiit
KVA, Grecia,Kavala
KVG, Papua Nueva Guinea,Kavieng
KVK, Rusia,Kirovsk
KVL, Estados Unidos,Kivalina
KVO, Serbia,Kraljevo
KVR, Rusia,Kavalerovo
KVX, Rusia,Kirov
KWA, Islas Marshall,Kwajalein Atoll
KWE, China,Guiyang
KWF, Alaska,Waterfall
KWI, Kuwait,Kuwait City
KWJ, Corea del Sur,Gwangju
KWK, Estados Unidos,Kwigillingok
KWL, China,Guilin
KWM, Australia,Kowanyama
KWN, Estados Unidos,Quinhagak
KWP, Estados Unidos,West Point
KWT, Estados Unidos,Kwethluk
KXA, Estados Unidos,Kasaan
KXB, Indonesia,Kolaka
KXF, Fiji,Koro Island
KXK, Rusia,Komsomolsk del Amur
KXU, Polinesia frances,Katiu
KYA, pavo,Konya
KYK, Estados Unidos,Karluk
KYP, Myanmar (Burma),Kyaukpyu
KYU, Estados Unidos,Koyukuk
KYZ, Rusia,Kizil
KZB, Estados Unidos,Zachar Bay
KZI, Grecia,Kozani
KZN, Rusia,Kazan
KZO, Kazajstan,Kyzylorda
KZR, pavo,Kutahya
KZS, Grecia,Kastellorizo
LAD, Angola,Luanda
LAE, Papua Nueva Guinea,Lae
LAK, Canada,Aklavik
LAN, Estados Unidos,Lansing
LAO, Filipinas,Laoag
LAP, Mexico,La Paz
LAR, Estados Unidos,Laramie
LAS, Estados Unidos,Las Vegas
LAU, Kenia,Lamu
LAW, Estados Unidos,Lawton
LAX, Estados Unidos,Los Angeles
LBA, Reino Unido,Leeds
LBB, Estados Unidos,Lubbock
LBD, Tayikistan,Judzhant
LBE, Estados Unidos,Latrobe
LBF, Estados Unidos,North Platte
LBJ, Indonesia,Labuan Bajo
LBL, Estados Unidos,Liberal
LBP, Malasia,Long Banga
LBR, Brasil,Labrea
LBS, Fiji,Labasa
LBU, Malasia,Labuan
LBV, Gabon,Libreville
LCA, Chipre,Larnaca
LCE, Honduras,La Ceiba
LCG, Espana,La Coruna
LCH, Estados Unidos,Lake Charles
LCJ, Polonia,odz
LCK, Estados Unidos,Columbus
LCX, China,Longyan
LCY, Reino Unido,Londres
LDB, Brasil,Londrina
LDE, Francia,Lourdes
LDH, Australia,Isla de Lord Howe
LDS, China,Yichun
LDU, Malasia,Lahad Datu
LDY, Reino Unido,Derry
LDZ, Sudafrica,Londolozi Private Game Reserve
LEA, Australia,Exmouth
LEB, Estados Unidos,Lebanon
LED, Rusia,San Petersburgo
LEI, Espana,Almeria
LEJ, Alemania,Leipzig
LEN, Espana,Leon
LEQ, Reino Unido,Land's End
LET, Colombia,Leticia
LEU, Espana,La Seu d'Urgell
LEX, Estados Unidos,Lexington
LFM, Corri,Lamerd
LFQ, China,Linfen
LFR, Venezuela,La Fria
LFT, Estados Unidos,Lafayette
LFW, Ir,Lome
LGA, Estados Unidos,Nueva York
LGB, Estados Unidos,Long Beach
LGG, Belgica,Lieja
LGI, Bahamas,Deadman's Cay Settlement
LGK, Malasia,Archipielago Langkawi
LGL, Malasia,Long Lellang
LGP, Filipinas,Legazpi
LGW, Reino Unido,Londres
LHE, Pakistan,Lahore
LHG, Australia,Lightning Ridge
LHR, Reino Unido,Londres
LHW, China,Lanzhou
LIF, Nueva Caledonia,Lifou Island
LIG, Francia,Limoges
LIH, Estados Unidos,Kauai
LIL, Francia,Lille
LIM, Peru,Lima
LIN, Italia,Milan
LIO, Costa Rica,Limon
LIR, Costa Rica,Liberia
LIS, Portugal,Lisboa
LIT, Estados Unidos,Little Rock
LIW, Myanmar (Burma),Loikaw
LIX, Malawi,Likoma Island
LJG, China,Lijiang
LJU, Eslovenia,Liubliana
LKA, Indonesia,Larantuka
LKB, Fiji,Lakeba
LKH, Malasia,Long Akah
LKL, Noruega,Lakselv
LKN, Noruega,Leknes
LKO, India,Lucknow
LKY, Tanzania,Lago Manyara
LLA, Suecia,Lulea
LLB, China,Libo County
LLF, China,Yongzhou
LLI, Etiopia,Lalibela
LLJ, Indonesia,Lubuklinggau
LLK, Azerbaiyan,Lankaran
LLO, Indonesia,Palopo
LLU, Groenlandia,Alluitsup Paa
LLV, China,Luliang
LLW, Malawi,Lilongue
LMA, Estados Unidos,Lake Minchumina
LMC, Colombia,La Macarena
LMM, Mexico,Los Mochis
LMN, Malasia,Limbang
LMP, Italia,Lampedusa
LMU, Indonesia,Anambas
LNB, Vanuatu,Lamen Bay
LNE, Vanuatu,Lonorore
LNJ, China,Lincang
LNK, Estados Unidos,Lincoln
LNL, China,Longnan
LNO, Australia,Leonora
LNS, Estados Unidos,Lancaster
LNY, Estados Unidos,Lanai
LNZ, Austria,Linz
LOD, Vanuatu,Longana
LOE, Tailandia,Provincia de Loei
LOH, Ecuador,Loja
LOK, Kenia,Lodwar
LOO, Argelia,Laghouat
LOP, Lombok,Praya
LOS, Nigeria,Lagos
LOY, Kenia,Loiyangalani
LPA, Espana,Las Palmas de Gran Canaria
LPB, Bolivia,La Paz
LPF, China,Liupanshui
LPI, Suecia,Linkoping
LPK, Rusia,Lipetsk
LPL, Reino Unido,Liverpool
LPM, Vanuatu,Lamap
LPP, Finlandia,Lappeenranta
LPQ, Laos,Luang Prabang
LPT, Tailandia,Lampang Province
LPY, Francia,Le Puy-en-Velay
LQM, Colombia,Puerto Leguizamo
LRD, Estados Unidos,Laredo
LRE, Australia,Longreach
LRH, Francia,La Rochelle
LRM, Republica Dominicana,La Romana
LRR, Corri,Lar
LRS, Grecia,Leros
LRT, Francia,Lorient
LRV, Venezuela,Los Roques archipelago
LSC, Chile,La Serena
LSE, Estados Unidos,La Crosse
LSH, Myanmar (Burma),Lashio
LSI, Reino Unido,Shetland Islands
LSP, Venezuela,Las Piedras
LSQ, Chile,Los Angeles
LST, Australia,Launceston
LSY, Australia,Lismore
LTI, Mongolia,Altai
LTM, Guayana,Lethem
LTN, Reino Unido,Londres
LTO, Mexico,Loreto
LUA, Nepal,Lukla
LUK, Estados Unidos,Cincinnati
LUM, China,Mang City
LUN, Zambia,Lusaka
LUO, Angola,Luena
LUP, Estados Unidos,Kalaupapa
LUQ, Argentina,San Luis
LUR, Alaska,Cape Lisburne
LUV, Indonesia,Langgur
LUW, Indonesia,Luwuk
LUX, Luxemburgo,Luxembourg
LUZ, Polonia,Lublin
LVI, Zambia,Livingstone
LVO, Australia,Laverton
LWB, Estados Unidos,Lewisburg
LWE, Indonesia,Lewoleba
LWK, Reino Unido,Lerwick
LWN, Armenia,Guiumri
LWO, Ucrania,Leopolis
LWS, Estados Unidos,Lewiston
LWY, Malasia,Lawas
LXA, China,Lhasa
LXG, Laos,Luang Namtha
LXR, Egipto,Luxor
LXS, Grecia,Lemnos
LYA, China,Luoyang
LYB, Islas Caiman,Little Cayman
LYC, Suecia,Lycksele
LYG, China,Lianyungang
LYH, Estados Unidos,Lynchburg
LYI, China,Linyi
LYP, Pakistan,Faisalabad District
LYR, Noruega,Longyearbyen
LYS, Francia,Lyon
LZC, Mexico,Lazaro Cardenas
LZH, China,Liuzhou
LZN, Lienchiang,Nangan
LZO, China,Luzhou
LZY, China,Nyingchi
MAA, India,Chennai
MAB, Brasil,Maraba
MAD, Espana,Madrid
MAF, Estados Unidos,Midland
MAG, Papua Nueva Guinea,Madang
MAH, Espana,Menorca
MAJ, Islas Marshall,Majuro
MAK, Sudan del Sur,Malakal
MAM, Mexico,Heroica Matamoros
MAN, Reino Unido,Manchester
MAO, Brasil,Manaus
MAQ, Tailandia,Mae Sot District
MAR, Venezuela,Maracaibo
MAS, Papua Nueva Guinea,Manus Island
MAU, Polinesia frances,Maupiti
MAZ, Puerto Rico,Mayaguez
MBA, Kenia,Mombasa
MBE, Japon,Mombetsu
MBI, Tanzania,Mbeya
MBJ, Jamaica,Montego Bay
MBL, Estados Unidos,Manistee
MBQ, Uganda,Mbarara
MBS, Estados Unidos,Saginaw
MBT, Filipinas,Masbate
MBZ, Brasil,Maues
MCE, Estados Unidos,Merced
MCG, Estados Unidos,McGrath
MCI, Estados Unidos,Kansas City
MCK, Estados Unidos,McCook
MCN, Estados Unidos,Macon
MCO, Estados Unidos,Orlando
MCP, Brasil,Macapa
MCT, Oman,Mascate
MCV, Australia,McArthur River zinc mine
MCW, Estados Unidos,Mason City
MCX, Rusia,Majachkala
MCY, Australia,Sunshine Coast Region
MCZ, Brasil,Maceio
MDC, Indonesia,Manado
MDE, Colombia,Medellin
MDG, China,Mudanjiang
MDI, Nigeria,Makurdi
MDK, Republica Democratica del Congo,Mbandaka
MDL, Myanmar (Burma),Mandalay
MDQ, Argentina,Mar del Plata
MDR, Kenia,Maasai Mara
MDT, Estados Unidos,Harrisburg
MDW, Estados Unidos,Chicago
MDZ, Argentina,Mendoza
MEA, Brasil,Macae
MEB, Australia,Melbourne
MEC, Ecuador,Manta
MED, Arabia Saudita,Medina
MEE, Nueva Caledonia,Mare
MEH, Noruega,Mehamn
MEI, Estados Unidos,Meridian
MEL, Australia,Melbourne
MEM, Estados Unidos,Memphis
MEU, Brasil,Almeirim
MEX, Mexico,Ciudad de Mexico
MFA, Tanzania,Isla de Mafia
MFE, Estados Unidos,McAllen
MFK, Taiwan,Islas Matsu
MFM, macao,Macau
MFR, Estados Unidos,Medford
MFU, Zambia,Mfuwe
MGA, Nicaragua,Managua
MGB, Australia,Mount Gambier
MGF, Brasil,Maringa
MGH, Sudafrica,Margate
MGM, Estados Unidos,Montgomery
MGQ, Somalia,Mogadiscio
MGT, Australia,Milingimbi Island
MGW, Estados Unidos,Morgantown
MGZ, Myanmar (Burma),Myeik
MHC, Chile,Castro
MHD, Corri,Mashhad
MHG, Alemania,Mannheim
MHH, Bahamas,Marsh Harbour
MHK, Estados Unidos,Manhattan
MHM, Islas Salomon,Manaoba
MHQ, Finlandia,Mariehamn
MHT, Estados Unidos,Manchester
MIA, Estados Unidos,Miami
MID, Mexico,Merida
MIG, China,Mianyang
MII, Brasil,Marilia
MIM, Australia,Merimbula
MIR, Tunez,Monastir
MIS, Papua Nueva Guinea,Misima Island
MIU, Nigeria,Maiduguri
MJC, Costa de Marfil,Man
MJD, Pakistan,Mohenjodaro
MJF, Noruega,Mosjen
MJI, Libia,Tripoli
MJK, Australia,Monkey Mia
MJM, Republica del Congo,Mbuji Mayi
MJN, Madagascar,Mahajanga
MJT, Grecia,Mytilene
MJU, Indonesia,Mamuju Regency
MJZ, Rusia,Mirni
MKE, Estados Unidos,Milwaukee
MKG, Estados Unidos,Muskegon
MKK, Estados Unidos,Hoolehua
MKL, Estados Unidos,Jackson
MKM, Malasia,Mukah
MKP, Polinesia frances,Makemo
MKQ, Indonesia,Merauke
MKR, Australia,Meekatharra
MKW, Indonesia,Manokwari
MKY, Australia,Mackay
MLA, Malta,Malta
MLB, Estados Unidos,Melbourne
MLE, Maldivas,Male
MLG, Indonesia,Malang
MLI, Estados Unidos,Moline
MLL, Estados Unidos,Marshall
MLM, Mexico,Morelia
MLN, Espana,Melilla
MLO, Milos,Plaka
MLU, Estados Unidos,Monroe
MLX, pavo,Malatya
MMB, Japon,Memanbetsu
MME, Reino Unido,Durham
MMG, Australia,Mount Magnet
MMH, Estados Unidos,Mammoth Lakes
MMJ, Japon,Matsumoto
MMK, Rusia,Murmansk
MMX, Suecia,Malmo
MMY, Japon,Miyakojima
MNC, Mozambique,Nacala
MNG, Australia,Maningrida
MNI, Reino Unido,Montserrat
MNK, Kiribati,Maiana
MNL, Filipinas,Manila
MNS, Zambia,Mansa
MNY, Islas Salomon,Stirling Island
MOB, Estados Unidos,Mobile
MOC, Brasil,Montes Claros
MOF, Indonesia,Maumere
MOH, India,Dibrugarh
MOL, Noruega,Molde
MOQ, Madagascar,Morondava
MOT, Estados Unidos,Minot
MOU, Estados Unidos,Mountain Village
MOV, Australia,Moranbah
MOZ, Polinesia frances,Mo orea
MPA, Namibia,Katima Mulilo
MPH, Filipinas,Caticlan
MPL, Francia,Montpellier
MPM, Mozambique,Maputo
MPN, Islas Malvinas (Islas Malvinas),Monte Agradable
MQF, Rusia,Magnitogorsk
MQJ, Rusia,Khonuu
MQL, Australia,Mildura
MQM, pavo,Mardin
MQN, Noruega,Mo i Rana
MQP, Sudafrica,Nelspruit
MQQ, Chad,Moundou
MQT, Estados Unidos,Marquette
MQX, Etiopia,Mekele
MRA, Libia,Misurata
MRE, Kenia,Masai Mara
MRI, Estados Unidos,Anchorage
MRQ, Filipinas,Marinduque
MRS, Francia,Marsella
MRU, Isla mauricio,Isla de Mauricio
MRV, Rusia,Mineralnye Vody
MRY, Estados Unidos,Monterrey
MRZ, Australia,Moree
MSA, Canada,Muskrat Dam
MSJ, Japon,Misawa
MSL, Estados Unidos,Muscle Shoals
MSN, Estados Unidos,Madison
MSO, Estados Unidos,Missoula
MSP, Estados Unidos,Minneapolis
MSQ, Bielorrusia,Minsk
MSR, pavo,Mus
MSS, Estados Unidos,Massena
MST, Paises Bajos,Maastricht
MSU, Lesoto,Maseru
MSY, Estados Unidos,Nueva Orleans
MSZ, Angola,Namibe
MTE, Brasil,Monte Alegre
MTJ, Estados Unidos,Montrose
MTK, Kiribati,Makin
MTM, Estados Unidos,Metlakatla
MTR, Colombia,Monteria
MTT, Mexico,Minatitlan
MTV, Vanuatu,Mota Lava
MTY, Mexico,Monterrey
MUA, Solomon Islands,Munda
MUB, Botswana,Maun
MUC, Alemania,Munich
MUE, Estados Unidos,Waimea
MUN, Venezuela,Maturin
MUR, Malasia,Marudi
MUX, Pakistan,Multan
MUZ, Tanzania,Musoma
MVB, Gabon,Franceville
MVD, Uruguay,Montevideo
MVF, Brasil,Mossoro
MVP, Colombia,Mitu
MVR, Camerun,Maroua
MVT, Polinesia frances,Mataiva
MVY, Estados Unidos,Martha's Vineyard
MWA, Estados Unidos,Marion
MWF, Vanuatu,Maewo
MWQ, Myanmar (Burma),Magway
MWZ, Tanzania,Mwanza
MXH, Papua Nueva Guinea,Iagifu Ridge Camp
MXL, Mexico,Mexicali
MXP, Italia,Milan
MXZ, China,Meizhou
MYA, Australia,Moruya
MYD, Kenia,Malindi
MYG, Bahamas,Mayaguana
MYI, Australia,Murray Island
MYJ, Japon,Matsuyama
MYP, Turkmenistan,Mary
MYQ, India,Mysore
MYR, Estados Unidos,Myrtle Beach
MYT, Myanmar (Burma),Myitkyina
MYU, Estados Unidos,Mekoryuk
MYW, Tanzania,Mtwara
MYY, Malasia,Miri
MZA, India,Muzaffarnagar
MZG, Taiwan,Magong
MZH, pavo,Amasya
MZK, Kiribati,Marakei
MZL, Colombia,Manizales
MZR, Afganistan,Mazar-e Sarif
MZT, Mexico,Mazatlan
MZV, Malasia,Gunung Mulu National Park
MZW, Argelia,Mechria
NAA, Australia,Narrabri
NAG, India,Nagpur
NAJ, Azerbaiyan,Najichevan
NAL, Rusia,Nalchik
NAM, Indonesia,Namlea-Buru Island
NAN, Fiji,Nadi
NAO, China,Nanchong
NAP, Italia,Napoles
NAQ, Groenlandia,Qaanaaq
NAS, Bahamas,Nasau
NAT, Brasil,Natal
NAU, Polinesia frances,Napuka
NAV, pavo,Nevsehir
NAW, Tailandia,Provincia de Narathiwat
NBC, Rusia,Nizhnekamsk
NBE, Tunez,Enfidha
NBO, Kenia,Nairobi
NBS, China,Baishan
NBX, Indonesia,Nabire Regency
NCE, Francia,Niza
NCL, Reino Unido,Newcastle upon Tyne
NCN, Estados Unidos,Chenega
NCU, Uzbekistan,Nukus
NDB, Mauritania,Nuadibu
NDC, India,Nanded
NDG, China,Qiqihar
NDJ, Chad,Yamena
NDK, Islas Marshall,Namorik Atoll
NDR, Marruecos,Nador
NDU, Namibia,Rundu
NEI, Rusia,Terney
NER, Rusia,Neriungri
NEU, Laos,Sam Neua
NEV, St. Kitts y Nevis,Isla Nieves
NGB, China,Ningbo
NGE, Camerun,Ngaoundere
NGK, Rusia,Nogliki
NGO, Japon,Nagoya
NGQ, China,Ngari
NGS, Japon,Nagasaki
NHV, Polinesia frances,Nuku Hiva
NIB, Estados Unidos,Nikolai
NIG, Kiribati,Nikunau
NIM, Niger,Niamey
NIQ, Groenlandia,Niaqornat
NIU, Polinesia frances,Niau
NJC, Rusia,Nijnevatorsk
NJF, Irak,Nayaf
NKC, Mauritania,Nuakchot
NKG, China,Nankin
NKI, Estados Unidos,Naukiti
NKM, Japon,Nagoya
NKT, pavo,Srnak
NLA, Zambia,Ndola
NLD, Mexico,Nuevo Laredo
NLF, Australia,Darnley
NLH, China,Ninglang
NLI, Rusia,Nikolayevsk-on-Amur
NLK, Isla Norfolk,Burnt Pine
NLT, China,Xinyuan County
NLU, Mexico,
NLV, Ucrania,Mykolaiv
NMA, Uzbekistan,Namangan
NME, Estados Unidos,Nightmute
NMF, Maldivas,Maafaru
NNB, Islas Salomon,Santa Ana Island
NNG, China,Nanning
NNL, Estados Unidos,Nondalton
NNM, Rusia,Narian-Mar
NNT, Tailandia,Provincia de Nan
NNY, China,Nanyang
NOB, Costa Rica,Nosara
NOC, Irlanda,Knock
NOJ, Rusia,Noyabrsk
NON, Kiribati,Nonouti
NOP, pavo,Sinope
NOS, Madagascar,Nosy Be
NOU, Nueva Caledonia,Numea
NOZ, Rusia,Novokuznetsk
NPE, Nueva Zelanda,Napier
NPL, Nueva Zelanda,Nueva Plymouth
NPY, Tanzania,Mpanda
NQN, Argentina,Neuquen
NQU, Colombia,Nuqui
NQY, Reino Unido,Newquay
NQZ, Kazajstan,Nur-Sultan
NRA, Australia,Narrandera
NRN, Alemania,Dusseldorf
NRR, Puerto Rico,Roosevelt Roads
NRT, Japon,Tokio
NSH, Corri,Noshahr
NSI, Camerun,Yaunde
NSK, Rusia,Norilsk
NSN, Nueva Zelanda,Nelson
NSQ, Groenlandia,Nuussuaq
NST, Tailandia,Provincia de Nakhon Si Thammarat
NTE, Francia,Nantes
NTG, China,Nantong
NTL, Australia,City of Newcastle
NTN, Australia,Normanton
NTQ, Japon,Wajima
NTX, Indonesia,Natuna
NUE, Alemania,Nuremberg
NUF, Sri Lanka,Hatton
NUI, Estados Unidos,Nuiqsut
NUK, Polinesia frances,Nukutavake
NUL, Estados Unidos,Nulato
NUM, Arabia Saudita,Neom
NUP, Estados Unidos,Nunapitchuk
NUS, Vanuatu,Norsup
NUX, Rusia,Novi Urengoi
NVA, Colombia,Neiva
NVI, Uzbekistan,Navoi
NVT, Brasil,Navegantes
NWA, Comoras,Moheli
NWI, Reino Unido,Norwich
NYA, Rusia,Niagan
NYK, Kenia,Nanyuki
NYM, Rusia,Nadym
NYO, Suecia,Estocolmo
NYR, Rusia,Niurba
NYT, Myanmar (Burma),Naipyido
NYU, Myanmar (Burma),Bagan
NYW, Myanmar (Burma),Monywa
NZH, China,Manzhouli
NZL, China,Zhalantun
OAG, Australia,Orange
OAJ, Estados Unidos,Jacksonville
OAK, Estados Unidos,Oakland
OAX, Mexico,Oaxaca de Juarez
OAZ, Afganistan,Shorabak
OBI, Brasil,Obidos
OBN, Reino Unido,Oban
OBO, Japon,Obihiro
OBU, Estados Unidos,Kobuk
OBY, Groenlandia,Ittoqqortoormiit
OCC, Ecuador,Puerto Francisco de Orellana
ODN, Malasia,Long Seridan
ODO, Rusia,Bodaibo
ODS, Ucrania,Odesa
ODY, Laos,Muang Xay
OER, Suecia,Ornskoldsvik
OGD, Estados Unidos,Ogden
OGG, Estados Unidos,Kahului
OGL, Guayana,Georgetown
OGS, Estados Unidos,Ogdensburg
OGU, pavo,Giresun
OGX, Argelia,Ouargla
OGZ, Rusia,Vladicaucaso
OHD, Republica de Macedonia del Norte,Ohrid
OHH, Rusia,Oja
OHS, Oman,Sohar
OIR, Japon,Okushiri
OIT, Japon,Oita
OKA, Japon,Isla de Okinawa
OKC, Estados Unidos,Oklahoma City
OKD, Japon,Sapporo
OKE, Japon,Okinoerabujima
OKI, Japon,Islas Oki
OKJ, Japon,Okayama
OKR, Australia,Yorke
OLA, Noruega,rland
OLB, Italia,Olbia
OLF, Estados Unidos,Wolf Point
OLG, Kenia,Olare
OLH, Estados Unidos,Old Harbor
OLP, Australia,Olympic Dam
OLX, Kenia,Masai Mara
OLZ, Rusia,Oliokminsk
OMA, Estados Unidos,Omaha
OME, Estados Unidos,Nome
OMH, Corri,Urmieh
OMR, Rumania,Oradea
OMS, Rusia,Omsk
OND, Namibia,Ondangua
ONG, Australia,Isla Mornington
ONJ, Japon,Odate
ONK, Rusia,Olenyok
ONQ, pavo,Zonguldak
ONS, Australia,Onslow
ONT, Estados Unidos,Ontario
OOK, Estados Unidos,Toksook Bay
OOL, Australia,Gold Coast
OOM, Australia,Cooma
OOT, Kiribati,Onotoa
OPO, Portugal,Oporto
OPS, Brasil,Sinop
ORB, Suecia,Orebro
ORD, Estados Unidos,Chicago
ORF, Estados Unidos,Norfolk
ORG, Surinam,Paramaribo
ORH, Estados Unidos,Worcester
ORI, Estados Unidos,Port Lions
ORK, Irlanda,Cork
ORN, Argelia,Oran
ORT, Estados Unidos,Northway
ORU, Bolivia,Oruro
ORV, Estados Unidos,Noorvik
ORX, Brasil,Oriximina
ORY, Francia,Paris
OSD, Suecia,Ostersund
OSI, Croacia,Osijek
OSJ, Kenia,Ol Seki
OSL, Noruega,Oslo
OSR, Chequia,Ostrava
OSS, Kirguizistan,Osh
OST, Belgica,Ostende
OSW, Rusia,Orsk
OSY, Noruega,Namsos
OTH, Estados Unidos,North Bend
OTI, Indonesia,Morotai
OTP, Rumania,Bucarest
OTZ, Estados Unidos,Kotzebue
OUA, Burkina Faso,Uagadugu
OUD, Marruecos,Uchda
OUI, Francia,
OUL, Finlandia,Oulu
OUZ, Mauritania,Zuerate
OVB, Rusia,Novosibirsk
OVD, Espana,Asturias
OVS, Rusia,Sovetsky
OWB, Estados Unidos,Owensboro
OWD, Estados Unidos,Norwood
OXB, Guinea-Bissau,Bisau
OZC, Filipinas,Ozamiz
OZG, Marruecos,Zagora
OZH, Ucrania,Zaporiyia
OZZ, Marruecos,Uarzazat
PAB, India,Bilaspur
PAC, Panama,Panama
PAD, Alemania,Paderborn
PAE, Estados Unidos,Everett
PAF, Uganda,Pakuba
PAG, Filipinas,Pagadian
PAH, Estados Unidos,Paducah
PAP, Haiti,Puerto Principe
PAS, Grecia,Parikia
PAT, India,Patna
PAZ, Mexico,Poza Rica de Hidalgo
PBC, Mexico,Municipio de Puebla
PBD, India,Porbandar
PBG, Estados Unidos,Plattsburgh
PBH, Butan,Paro
PBI, Estados Unidos,West Palm Beach
PBJ, Vanuatu,Paama
PBM, Surinam,Paramaribo
PBO, Australia,Paraburdoo
PBR, Guatemala,Puerto Barrios
PBU, Myanmar (Burma),Putao
PBZ, Sudafrica,Plettenberg Bay
PCL, Peru,Pucallpa
PCN, Nueva Zelanda,Picton
PCP, Santo Tome y Principe,Principe Island
PCQ, Laos,Phongsali
PCR, Colombia,Puerto Carreno
PDA, Colombia,Inirida
PDB, Estados Unidos,Pedro Bay
PDG, Indonesia,Padang
PDK, Estados Unidos,Atlanta
PDL, Portugal,Ponta Delgada
PDP, Uruguay,Punta del Este
PDS, Mexico,Piedras Negras
PDT, Estados Unidos,Pendleton
PDV, Bulgaria,Plovdiv
PDX, Estados Unidos,Portland
PEC, Estados Unidos,Pelican
PED, Chequia,Pardubice
PEE, Rusia,Perm
PEG, Italia,Perugia
PEI, Colombia,Pereira
PEK, China,Pekin
PEM, Peru,Puerto Maldonado
PEN, Malasia,Penang
PER, Australia,Perth
PES, Rusia,Petrozavodsk
PET, Brasil,Pelotas
PEU, Honduras,Puerto Lempira
PEW, Pakistan,Peshawar
PEX, Rusia,Pechora
PEZ, Rusia,Penza
PFB, Brasil,Passo Fundo
PFO, Chipre,Pafos
PFQ, Corri,Parsabad
PGA, Estados Unidos,Page
PGD, Estados Unidos,Punta Gorda
PGF, Francia,Perpinan
PGH, India,Pantnagar
PGK, Indonesia,Pangkal Pinang
PGM, Estados Unidos,Port Graham
PGQ, Indonesia,Buli
PGU, Corri,Assaluyeh
PGV, Estados Unidos,Greenville
PGZ, Brasil,Ponta Grossa
PHB, Brasil,Parnaiba
PHC, Nigeria,Port Harcourt
PHE, Australia,Port Hedland
PHF, Estados Unidos,Newport News
PHL, Estados Unidos,Filadelfia
PHO, Estados Unidos,Point Hope
PHS, Tailandia,Phitsanulok
PHX, Estados Unidos,Phoenix
PIA, Estados Unidos,Peoria
PIB, Estados Unidos,Laurel
PIE, Estados Unidos,Tampa
PIH, Estados Unidos,Pocatello
PIK, Reino Unido,Glasgow
PIN, Brasil,Parintins
PIR, Estados Unidos,Pierre
PIS, Francia,Poitiers
PIT, Estados Unidos,Pittsburgh
PIU, Peru,Piura
PIX, Portugal,Pico Island
PIZ, Estados Unidos,Point Lay
PJA, Suecia,Pajala
PJM, Costa Rica,Puerto Jimenez
PKA, Estados Unidos,Napaskiak
PKB, Estados Unidos,Parkersburg
PKC, Rusia,Petropavlovsk-Kamchatski
PKE, Australia,Parkes
PKN, Indonesia,Pangkalan Bun
PKP, Polinesia frances,Puka-Puka
PKR, Nepal,Pokhara
PKU, Indonesia,Pekanbaru
PKV, Rusia,Pskov
PKX, China,Pekin
PKY, Indonesia,Palangkaraya
PKZ, Laos,Pakse
PLJ, Belice,Placencia
PLM, Indonesia,Palembang
PLN, Estados Unidos,Pellston
PLO, Australia,Port Lincoln
PLQ, Lituania,Palanga
PLS, Turks y Caicos,Providenciales
PLW, Indonesia,Palu
PLZ, Sudafrica,Puerto Elizabeth
PMA, Tanzania,Pemba Island
PMC, Chile,Puerto Montt
PMF, Italia,Parma
PMG, Brasil,Ponta Pora
PMI, Espana,Palma
PMK, Australia,Palm Island
PMO, Italia,Palermo
PMR, Nueva Zelanda,Palmerston North
PMV, Venezuela,Porlamar
PMW, Brasil,Palmas
PMY, Argentina,Puerto Madryn
PNA, Espana,Pamplona
PND, Belice,Punta Gorda
PNH, Camboya,Nom Pen
PNI, micronesia,Pohnpei
PNK, Indonesia,Pontianak
PNL, Italia,Pantelleria
PNP, Papua Nueva Guinea,Popondetta
PNQ, India,Pune
PNR, Republica del Congo,Pointe-Noire
PNS, Estados Unidos,Pensacola
PNT, Chile,Puerto Natales
PNZ, Brasil,Petrolina
POA, Brasil,Porto Alegre
POG, Gabon,Port-Gentil
POI, Bolivia,Potosi
POL, Mozambique,Pemba
POM, Papua Nueva Guinea,Puerto Moresby
POP, Republica Dominicana,San Felipe de Puerto Plata
POR, Finlandia,Pori
POS, Trinidad y Tobago,Puerto Espana
POZ, Polonia,Poznan
PPB, Brasil,Presidente Prudente
PPG, Samoa Americana,Pago Pago
PPK, Kazajstan,Petropavl
PPN, Colombia,Popayan
PPP, Australia,Proserpine
PPQ, Nueva Zelanda,Paraparaumu
PPS, Filipinas,Puerto Princesa
PPT, Polinesia frances,Tahiti
PPV, Estados Unidos,Port Protection
PQC, Vietnam,Phu Quoc
PQI, Estados Unidos,Presque Isle
PQQ, Australia,Port Macquarie
PQS, Estados Unidos,Pilot Station
PQT, Groenlandia,Qeqertaq
PRA, Argentina,Parana
PRC, Estados Unidos,Prescott
PRG, Chequia,Praga
PRH, Tailandia,Provincia de Phrae
PRI, Seychelles,Praslin
PRM, Portugal,Portimao
PRN, Serbia,Pristina
PRS, Islas Salomon,Parasi
PSA, Italia,Pisa
PSC, Estados Unidos,Pasco
PSE, Puerto Rico,Ponce
PSG, Estados Unidos,Petersburg
PSJ, Indonesia,Poso
PSM, Estados Unidos,Portsmouth
PSO, Colombia,Pasto
PSP, Estados Unidos,Palm Springs
PSR, Italia,Pescara
PSS, Argentina,Posadas
PSU, Indonesia,Putussibau
PTA, Estados Unidos,Port Alsworth
PTG, Sudafrica,Polokwane
PTO, Brasil,Pato Branco
PTP, Guadalupe,Pointe-a-Pitre
PTU, Estados Unidos,Platinum
PTX, Colombia,Pitalito
PTY, Panama,Panama
PUB, Estados Unidos,Pueblo
PUF, Francia,Pau
PUJ, Republica Dominicana,Punta Cana
PUK, Polinesia frances,Pukarua
PUQ, Chile,Punta Arenas
PUS, Corea del Sur,Busan
PUU, Colombia,Puerto Asis
PUW, Estados Unidos,Pullman
PUY, Croacia,Pula
PUZ, Nicaragua,Puerto Cabezas
PVA, Colombia,Providencia Island
PVC, Estados Unidos,Provincetown
PVD, Estados Unidos,Providence
PVG, China,Shanghai
PVH, Brasil,Porto Velho
PVK, Grecia,Preveza
PVR, Mexico,Puerto Vallarta
PVU, Estados Unidos,Provo
PWE, Rusia,Pevek
PWL, Indonesia,Purwokerto
PWM, Estados Unidos,Portland
PWQ, Kazajstan,Pavlodar
PXM, Mexico,Puerto Escondido
PXO, Portugal,Porto Santo
PXU, Vietnam,Pleiku
PYG, India,Gangtok
PYJ, Rusia,Udachni
PZB, Sudafrica,Pietermaritzburg
PZI, China,Panzhihua
PZL, Sudafrica,Phinda Private Game Reserve
PZO, Venezuela,Puerto Ordaz
PZU, Sudan,Puerto
QBC, Canada,Bella Coola
QCU, Groenlandia,Akunnaaq
QDV, Brasil,Jundiai
QFI, Groenlandia,Iginniarfik
QFN, Groenlandia,Narsaq Kujalleq
QGQ, Groenlandia,Attu
QJE, Groenlandia,Kitsissuarsuit
QJI, Groenlandia,Ikamiut
QMK, Groenlandia,Niaqornaarsuk
QOW, Nigeria,Owerri
QPW, Groenlandia,Kangaatsiaq
QRO, Mexico,Santiago de Queretaro
QRW, Nigeria,Warri
QRY, Groenlandia,Ikerasaarsuk
QSF, Argelia,Setif
QSZ, China,Yarkant (Shache)
QUO, Nigeria,Uyo
QUP, Groenlandia,Saqqaq
QUV, Groenlandia,Aappilattoq
QUW, Groenlandia,Ammassivik
RAB, Papua Nueva Guinea,Rabaul
RAE, Arabia Saudita,Arar
RAH, Arabia Saudita,Rafha
RAI, Cabo Verde,Praia
RAJ, India,Rajkot
RAK, Marruecos,Marrakech
RAO, Brasil,Ribeirao Preto
RAP, Estados Unidos,Rapid City
RAQ, Indonesia,Raha
RAR, Islas Cook,Rarotonga
RAS, Corri,Rasht
RBA, Marruecos,Rabat
RBQ, Bolivia,Rurrenabaque
RBR, Brasil,Rio Branco
RBV, Islas Salomon,Ramata Island
RBY, Estados Unidos,Ruby
RCB, Sudafrica,Richards Bay
RCH, Colombia,Riohacha
RCM, Australia,Richmond
RCU, Argentina,Rio Cuarto
RDD, Estados Unidos,Redding
RDM, Estados Unidos,Redmond
RDN, Malasia,Redang
RDP, India,Durgapur
RDU, Estados Unidos,Raleigh
RDV, Estados Unidos,Red Devil
RDZ, Francia,Rodez
REA, Polinesia frances,Reao
REC, Brasil,Recife
REG, Italia,Regio de Calabria
REL, Argentina,Trelew
REN, Rusia,Oremburgo
REP, Camboya,Siem Riep
RES, Argentina,Resistencia
RET, Noruega,Rst
REU, Espana,Reus
REX, Mexico,Reynosa
RFD, Estados Unidos,Chicago
RFP, Polinesia frances,Raiatea
RGA, Argentina,Rio Grande
RGI, Polinesia frances,Rangiroa
RGK, Rusia,Gorno-Altaisk
RGL, Argentina,Rio Gallegos
RGN, Myanmar (Burma),Rangun
RGS, Espana,Burgos
RHD, Argentina,Termas de Rio Hondo
RHI, Estados Unidos,Rhinelander
RHO, Grecia,Rhodes
RHR, Emiratos Arabes Unidos,Al Hamra
RHT, China,Alxa Right Banner
RIA, Brasil,Santa Maria
RIB, Bolivia,Riberalta
RIC, Estados Unidos,Richmond
RIS, Japon,Rishiri
RIW, Estados Unidos,Riverton
RIX, Letonia,Riga
RIY, Yemen,Riyan
RIZ, China,Rizhao
RJA, India,Rajahmundry
RJB, Nepal,Rajbiraj
RJK, Croacia,Rijeka
RJL, Espana,Logrono
RJN, Corri,Rafsanjan
RKA, Polinesia frances,Aratika
RKD, Estados Unidos,Rockland
RKE, Dinamarca,Roskilde
RKS, Estados Unidos,Rock Springs
RKT, Emiratos Arabes Unidos,Emirato de Ras al-Jaima
RKV, Islandia,Reikiavik
RKZ, China,Shigatse
RLG, Alemania,Rostock
RLK, China,Bayannur
RMA, Australia,Roma
RMF, Egipto,Marsa Alam
RMI, Italia,Rimini
RML, Sri Lanka,Ratmalana
RMQ, Taiwan,Taichung
RMT, Polinesia frances,Rimatara
RMU, Espana,Region of Murcia
RMZ, Rusia,
RNA, Islas Salomon,Arona
RNB, Suecia,Ronneby
RNI, Nicaragua,Corn Island
RNJ, Japon,Yoron
RNL, Islas Salomon,Isla de Rennell
RNN, Dinamarca,Bornholm
RNO, Estados Unidos,Reno
RNS, Francia,Rennes
ROA, Estados Unidos,Roanoke
ROB, Liberia,Monrovia
ROC, Estados Unidos,Rochester
ROI, Tailandia,Provincia de Roi Et
ROK, Australia,Rockhampton
ROO, Brasil,Rondonopolis
ROR, Palau,Koror
ROS, Argentina,Rosario
ROT, Nueva Zelanda,Rotorua
ROV, Rusia,Rostov del Don
ROW, Estados Unidos,Roswell
RPR, India,Raipur
RQA, China,Ruoqiang Loulan
RRG, Isla mauricio,Rodrigues
RRR, Polinesia frances,Raroia
RRS, Noruega,Rros
RSA, Argentina,Santa Rosa
RSD, Bahamas,Rock Sound
RSH, Estados Unidos,Russian Mission
RSS, Sudan,Roseires
RST, Estados Unidos,Rochester
RSU, Corea del Sur,Yeosu
RSW, Estados Unidos,Fort Myers
RTA, Fiji,Rotuma
RTB, Honduras,Roatan
RTG, Indonesia,Ruteng
RTI, Indonesia,Rote Island
RTM, Paises Bajos,Roterdam
RTW, Rusia,Saratov
RUH, Arabia Saudita,Riad
RUN, Francia,Saint-Denis
RUP, India,Rupsi
RUR, Polinesia frances,Rurutu
RUS, Islas Salomon,Marau Sound
RUT, Estados Unidos,Rutland
RVD, Brasil,Rio Verde
RVE, Colombia,Saravena
RVK, Noruega,Rrvik
RVN, Finlandia,Rovaniemi
RVV, Polinesia frances,Raivavae
RXS, Filipinas,Roxas
RYK, Pakistan,Rahim Yar Khan
RYL, Zambia,Royal
RZE, Polonia,Rzeszow
RZH, Rusia,Preobrazheniye
RZR, Corri,Ramsar
SAB, Caribe Paises Bajos,Isla de Saba
SAE, Groenlandia,Saattut
SAF, Estados Unidos,Santa Fe
SAG, India,Shirdi
SAH, Yemen,Sana'a
SAL, El Salvador,San Salvador
SAN, Estados Unidos,San Diego
SAP, Honduras,San Pedro Sula
SAQ, Bahamas,Andros
SAT, Estados Unidos,San Antonio
SAV, Estados Unidos,Savannah
SAW, pavo,Estambul
SBA, Estados Unidos,Santa Barbara
SBH, San Bartolome,Saint Barthelemy
SBN, Estados Unidos,South Bend
SBP, Estados Unidos,San Luis Obispo
SBR, Australia,Saibai Island
SBW, Malasia,Sibu
SBY, Estados Unidos,Ocean City
SBZ, Rumania,Sibiu
SCC, Estados Unidos,Prudhoe Bay
SCE, Estados Unidos,State College
SCK, Estados Unidos,Stockton
SCL, Chile,Santiago de Chile
SCM, Estados Unidos,Scammon Bay
SCN, Alemania,Saarbrucken
SCO, Kazajstan,Aktau
SCQ, Espana,Santiago de Compostela
SCR, Suecia,Salen - Trysil
SCT, Yemen,Socotra
SCU, Cuba,Santiago de Cuba
SCV, Rumania,Suceava
SCW, Rusia,Syktyvkar
SCY, Ecuador,San Cristobal Island
SCZ, Islas Salomon,Islas Santa Cruz
SDD, Angola,Lubango
SDE, Argentina,Santiago del Estero
SDF, Estados Unidos,Louisville
SDG, Corri,Sanandaj
SDJ, Japon,Sendai
SDK, Malasia,Sandakan
SDL, Suecia,Sundsvall
SDN, Noruega,Sandane
SDP, Estados Unidos,Sand Point
SDQ, Republica Dominicana,Santo Domingo
SDR, Espana,Santander
SDU, Brasil,Rio de Janeiro
SDY, Estados Unidos,Sidney
SEA, Estados Unidos,Seattle
SEB, Libia,Sabha
SEK, Rusia,Srednekolimsk
SEN, Reino Unido,Londres
SET, Brasil,Serra Talhada
SEU, Tanzania,Seronera
SEZ, Seychelles,Mahe
SFA, Tunez,Sfax
SFB, Estados Unidos,Orlando
SFG, San Martin,Saint Martin (Island)
SFJ, Groenlandia,Kangerlussuaq
SFN, Argentina,Santa Fe
SFO, Estados Unidos,San Francisco
SFT, Suecia,Skelleftea
SGC, Rusia,Surgut
SGD, Dinamarca,Snderborg
SGF, Estados Unidos,Springfield
SGG, Groenlandia,Sermiligaaq
SGN, Vietnam,Ciudad Ho Chi Minh
SGO, Australia,Saint George
SGU, Estados Unidos,St. George
SGX, Tanzania,Songea
SGY, Estados Unidos,Skagway
SHA, China,Shanghai
SHB, Japon,Nakashibetsu
SHD, Estados Unidos,Staunton
SHE, China,Shenyang
SHF, China,Shihezi
SHG, Estados Unidos,Shungnak
SHH, Estados Unidos,Shishmaref
SHI, Japon,Shimojishima
SHJ, Emiratos Arabes Unidos,Dubai
SHL, India,Shillong
SHM, Japon,Shirahama
SHO, Swazilandia,Manzini
SHR, Estados Unidos,Sheridan
SHS, China,Jingzhou
SHV, Estados Unidos,Shreveport
SHW, Arabia Saudita,Sharurah
SHX, Estados Unidos,Shageluk
SID, Cabo Verde,Isla de Sal
SIF, Bara,Simara
SIG, Puerto Rico,San Juan
SIN, Singapur,Singapore
SIP, Ucrania,Simferopol
SIS, Sudafrica,Dingleton
SIT, Estados Unidos,Sitka
SIU, Nicaragua,Siuna
SJC, Estados Unidos,San Jose
SJD, Mexico,San Jose del Cabo
SJE, Colombia,San Jose del Guaviare
SJI, Filipinas,San Jose de Labangan
SJJ, Bosnia-Herzegovina,Sarajevo
SJL, Brasil,Sao Gabriel da Cachoeira
SJO, Costa Rica,San Jose
SJP, Brasil,Sao Jose do Rio Preto
SJT, Estados Unidos,San Angelo
SJU, Puerto Rico,San Juan
SJW, China,Shijiazhuang
SJZ, Portugal,Sao Jorge Island
SKB, St. Kitts y Nevis,Saint Kitts
SKD, Uzbekistan,Samarcanda
SKG, Grecia,Salonica
SKH, Nepal,Surkhet
SKK, Estados Unidos,Shaktoolik
SKN, Noruega,Stokmarknes
SKO, Nigeria,Sokoto
SKP, Republica de Macedonia del Norte,Skopie
SKT, Pakistan,Sialkot
SKU, Grecia,Skyros
SKX, Rusia,Saransk
SKZ, Pakistan,Sukkur
SLA, Argentina,Salta
SLC, Estados Unidos,Salt Lake City
SLH, Vanuatu,Sola
SLI, Zambia,Solwezi
SLK, Estados Unidos,Saranac Lake
SLL, Oman,Salalah
SLM, Espana,Salamanca
SLN, Estados Unidos,Salina
SLP, Mexico,San Luis Potosi
SLQ, Estados Unidos,Sleetmute
SLU, Santa Lucia,Millet
SLX, Turks Islands,Salt Cay
SLY, Rusia,Salejard
SLZ, Brasil,Sao Luis
SMA, Portugal,Santa Maria Island
SMF, Estados Unidos,Sacramento
SMI, Grecia,Samos
SMK, Estados Unidos,St. Michael
SML, Bahamas,Stella Maris
SMQ, Indonesia,Sampit
SMR, Colombia,Santa Marta
SMS, Madagascar,Isla Santa Maria
SMT, Brasil,Sorriso
SMX, Estados Unidos,Santa Maria
SNA, Estados Unidos,Santa Ana
SNN, Irlanda,Shannon
SNO, Tailandia,Sakon Nakhon
SNP, Estados Unidos,St. Paul
SNR, Francia,Saint-Nazaire
SNU, Cuba,Santa Clara
SNW, Myanmar (Burma),Thandwe
SOC, Indonesia,Surakarta
SOF, Bulgaria,Sofia
SOG, Noruega,Sogndal
SOJ, Noruega,Srkjosen
SON, Vanuatu,Luganville
SOQ, Indonesia,Sorong
SOU, Reino Unido,Southampton
SOV, Estados Unidos,Seldovia
SOW, Estados Unidos,Show Low
SPB, Islas Virgenes de EE.UU,Saint Thomas
SPC, Espana,Santa Cruz de La Palma
SPD, Bangladesh,Saidpur
SPI, Estados Unidos,Springfield
SPN, Islas Marianas del Norte,Saipan
SPR, Belice,San Pedro
SPS, Estados Unidos,Wichita Falls
SPU, Croacia,Split
SPY, Costa de Marfil,San Pedro
SQD, China,Shangrao
SQG, Indonesia,Sintang
SQJ, China,Sanming
SRA, Brasil,Santa Rosa
SRE, Bolivia,Sucre
SRG, Indonesia,Semarang
SRH, Chad,Sarh
SRK, Groenlandia,Siorapaluk
SRN, Australia,Strahan
SRP, Noruega,Stord
SRQ, Estados Unidos,Sarasota
SRV, Estados Unidos,Stony River
SRY, Corri,Sari
SSA, Brasil,Salvador de Bahia
SSB, Islas Virgenes de EE.UU,Saint Croix
SSG, Guinea Ecuatorial,Malabo
SSH, Egipto,Sharm el-Sheij
SSJ, Noruega,Sandnessjen
SSR, Vanuatu,Sara
STC, Estados Unidos,St. Cloud
STD, Venezuela,Santo Domingo
STI, Republica Dominicana,Santiago de los Caballeros
STL, Estados Unidos,San Luis
STM, Brasil,Santarem
STN, Reino Unido,Londres
STR, Alemania,Stuttgart
STS, Estados Unidos,Santa Rosa
STT, Islas Virgenes de EE.UU,Saint Thomas
STV, India,Surat
STW, Rusia,Stavropol
STX, Islas Virgenes de EE.UU,Saint Croix
SUB, Indonesia,Surabaya
SUF, Italia,Lamezia Terme
SUG, Filipinas,Surigao
SUJ, Rumania,Satu Mare
SUK, Rusia,Batagay-Alyta
SUN, Estados Unidos,Sun Valley
SUR, Canada,Nibinamik First Nation
SUV, Fiji,Suva
SUX, Estados Unidos,Sioux City
SUY, Rusia,Suntar
SVA, Estados Unidos,Savoonga
SVB, Madagascar,Sambava
SVC, Estados Unidos,Silver City
SVD, San Vicente y las Granadinas,Saint Vincent
SVG, Noruega,Stavanger
SVI, Colombia,San Vicente Del Caguan
SVJ, Noruega,Svolvr
SVL, Finlandia,Savonlinna
SVO, Rusia,Moscu
SVQ, Espana,Sevilla
SVR, Groenlandia,Savissivik
SVU, Fiji,Savusavu
SVX, Rusia,Ekaterimburgo
SWA, China,Shantou
SWF, Estados Unidos,Nueva York
SWJ, Vanuatu,South West Bay
SWL, Filipinas,San Vicente
SWO, Estados Unidos,Stillwater
SWQ, Indonesia,Sumbawa Besar
SWV, Rusia,Evensk
SXB, Francia,Estrasburgo
SXK, Indonesia,Saumlaki
SXM, Sint Maarten,Lower Prince's Quarter
SXO, Brasil,Sao Felix do Araguaia
SXR, India,Srinagar
SXZ, pavo,Siirt
SYB, Estados Unidos,Seal Bay
SYD, Australia,Sidney
SYJ, Corri,Sirjan
SYM, China,Simao District
SYO, Japon,Shonai
SYR, Estados Unidos,Siracusa
SYS, Rusia,Saskylakh
SYU, Australia,Warraber
SYX, China,Sanya
SYY, Reino Unido,Stornoway
SYZ, Corri,Shiraz
SZB, Malasia,Kuala Lumpur
SZE, Etiopia,Semera
SZF, pavo,Samsun
SZG, Austria,Salzburgo
SZK, Sudafrica,Skukuza
SZX, China,Shenzhen
SZY, Szczytno County,Szymany
SZZ, Polonia,Szczecin
TAB, Trinidad y Tobago,Tobago
TAC, Filipinas,Tacloban
TAE, Corea del Sur,Daegu
TAG, Filipinas,Tagbilaran
TAH, Vanuatu,Tanna
TAK, Japon,Takamatsu
TAL, Estados Unidos,Tanana
TAM, Mexico,Tampico
TAO, China,Qingdao
TAP, Mexico,Tapachula
TAS, Uzbekistan,Taskent
TAT, Eslovaquia,Poprad
TAY, Estonia,Tartu
TAZ, Turkmenistan,Dasoguz
TBB, Vietnam,Tuy Hoa
TBF, Kiribati,Tabiteuea
TBG, Papua Nueva Guinea,Tabubil
TBH, Filipinas,Isla Tablas
TBI, Bahamas,New Bight
TBN, Estados Unidos,Fort Leonard Wood
TBO, Tanzania,Tabora
TBP, Peru,Tumbes
TBS, Georgia,Tiflis
TBT, Brasil,Tabatinga
TBU, Tonga,Nukualofa
TBW, Rusia,Tambov
TBZ, Corri,Tabriz
TCA, Australia,Tennant Creek
TCB, Bahamas,Treasure Cay
TCG, China,Tacheng
TCO, Colombia,Tumaco
TCQ, Peru,Tacna
TCR, India,Thoothukudi
TCT, Estados Unidos,Takotna
TCX, Corri,Tabas
TCZ, China,Tengchong
TDD, Bolivia,Trinidad
TDK, Kazajstan,Taldykorgan
TDX, Tailandia,Provincia de Trat
TEB, Estados Unidos,Teterboro
TEE, Argelia,Tebessa
TEF, Australia,Telfer Mine
TEI, India,Tezu
TEK, Estados Unidos,Tatitlek
TEN, China,Tong ren
TEQ, pavo,Tekirdag
TER, Portugal,Isla Terceira
TET, Mozambique,Tete
TEX, Estados Unidos,Telluride
TEZ, India,Tezpur
TFF, Brasil,Tefe
TFI, Papua Nueva Guinea,Tufi
TFN, Espana,Tenerife
TFS, Espana,Tenerife
TFU, China,Chengdu
TGC, Malasia,Tanjung Manis
TGD, Montenegro,Podgorica
TGG, Malasia,Kuala Terengganu
TGH, Vanuatu,Tongoa
TGI, Peru,Tingo Maria
TGJ, Nueva Caledonia,Isla Tiga
TGM, Rumania,Targu Mures
TGO, China,Tongliao
TGP, Rusia,Podkamennaya Tunguska
TGQ, Brasil,Tangara da Serra
TGR, Argelia,Touggourt
TGT, Tanzania,Tanga
TGU, Honduras,Tegucigalpa
TGZ, Mexico,Tuxtla Gutierrez
THD, Vietnam,Thanh Hoa
THE, Brasil,Teresina
THO, Islandia,Thorshofn
THQ, China,Tianshui
THR, Corri,Tehran
THS, Tailandia,Provincia de Sukhothai
THU, Groenlandia,Pituffik
THX, Rusia,Turujansk
TIA, Albania,Tirana
TID, Argelia,Tiaret
TIF, Arabia Saudita,Taif
TIH, Polinesia frances,Tikehau
TII, Afganistan,Tarin Kowt
TIJ, Mexico,Tijuana
TIM, Indonesia,Kota Timika
TIN, Argelia,Tinduf
TIR, India,Tirupati
TIU, Nueva Zelanda,Timaru
TIV, Montenegro,Tivat
TIZ, Papua Nueva Guinea,Tari
TJA, Bolivia,Tarija
TJH, Japon,Toyooka
TJL, Brasil,Tres Lagoas
TJM, Rusia,Tiumen
TJN, Polinesia frances,Takume
TJQ, Indonesia,Tanjung Pandan
TJU, Tayikistan,Kulob
TKD, Ghana,Sekondi-Takoradi
TKE, Estados Unidos,Tenakee Springs
TKG, Indonesia,Bandar Lampung
TKJ, Estados Unidos,Tok
TKK, micronesia,Chuuk State
TKN, Japon,Tokunoshima
TKP, Polinesia frances,Takapoto
TKQ, Tanzania,Kigoma
TKS, Japon,Tokushima
TKU, Finlandia,Turku
TKV, Polinesia frances,Tatakoto
TKX, Polinesia frances,Takaroa
TLA, Estados Unidos,Teller
TLC, Mexico,Toluca
TLE, Madagascar,Toliara
TLH, Estados Unidos,Tallahassee
TLI, Indonesia,Tolitoli
TLK, Rusia,Vitim
TLL, Estonia,Tallin
TLM, Argelia,Tlemcen
TLN, Francia,Tolon
TLQ, China,Turfan
TLS, Francia,Toulouse
TLT, Estados Unidos,Tuluksak
TLU, Colombia,Tolu
TLV, Israel,Tel Aviv
TLY, Rusia,Plastun
TMC, Indonesia,Tambolaka
TME, Colombia,Tame
TMI, Nepal,Tumlingtar
TMJ, Uzbekistan,Termez
TML, Ghana,Tamale
TMM, Madagascar,Toamasina
TMN, Kiribati,Tamana
TMP, Finlandia,Tampere
TMR, Argelia,Tamanrasset
TMS, Santo Tome y Principe,Santo Tome
TMT, Brasil,Porto Trombetas
TMU, Costa Rica,Tambor
TMW, Australia,Tamworth
TMX, Argelia,Timimoun
TNA, China,Jinan
TNC, Estados Unidos,Tin City
TNE, Japon,Tanegashima
TNG, Marruecos,Tanger
TNH, China,Tonghua
TNJ, Indonesia,Tanjung Pinang
TNK, Estados Unidos,Tununak
TNN, Taiwan,Tainan
TNO, Costa Rica,Tamarindo
TNR, Madagascar,Antananarivo
TOE, Tunez,Tozeur
TOF, Rusia,Tomsk
TOH, Vanuatu,Islas Torres
TOL, Estados Unidos,Toledo
TOS, Noruega,Troms
TOW, Brasil,Toledo
TOY, Japon,Toyama
TPA, Estados Unidos,Tampa
TPE, Taiwan,Taipei
TPP, Peru,Tarapoto
TPQ, Mexico,Tepic
TPS, Italia,Trapani
TQA, Groenlandia,Tasiusaq
TQI, Groenlandia,Tiniteqilaaq
TQR, Italia,San Domino Island
TRC, Mexico,Torreon
TRD, Noruega,Trondheim
TRE, Reino Unido,Tiree
TRF, Noruega,Oslo
TRG, Nueva Zelanda,Tauranga
TRI, Estados Unidos,Bristol
TRK, Indonesia,Tarakan
TRM, Estados Unidos,Palm Springs
TRN, Italia,Turin
TRO, Australia,Taree
TRR, Sri Lanka,Trincomalee
TRS, Italia,Trieste
TRT, Indonesia,Tana Toraja
TRU, Peru,Trujillo
TRV, India,Thiruvananthapuram
TRW, Kiribati,Tarawa Sur (Bairiki)
TRZ, India,Tiruchirappalli
TSA, Taiwan,Taipei
TSF, Italia,Venecia
TSJ, Japon,Tsushima
TSM, Estados Unidos,Taos
TSN, China,Tianjin
TSR, Rumania,Timisoara
TST, Thailand,Trang
TSU, Kiribati,Tabiteuea South
TSV, Australia,Townsville
TTE, Indonesia,Ternate City
TTJ, Japon,Tottori
TTN, Estados Unidos,Trenton
TTQ, Costa Rica,Tortuguero
TTT, Taiwan,Taitung County
TTU, Marruecos,Tetuan
TTX, Australia,
TUB, Polinesia frances,Tubuai
TUC, Argentina,San Miguel de Tucuman
TUF, Francia,Tours
TUG, Filipinas,Tuguegarao
TUI, Arabia Saudita,Turaif
TUK, Pakistan,Turbat
TUL, Estados Unidos,Tulsa
TUN, Tunez,Tunis
TUO, Nueva Zelanda,Taupo
TUP, Estados Unidos,Tupelo
TUR, Brasil,Tucurui
TUS, Estados Unidos,Tucson
TUU, Arabia Saudita,Tabuk
TVC, Estados Unidos,Traverse City
TVF, Estados Unidos,Thief River Falls
TVS, China,Tangshan
TVU, Fiji,Taveuni
TVY, Myanmar (Burma),Dawei Township
TWC, China,Tumxuk
TWF, Estados Unidos,Twin Falls
TWT, Filipinas,Tawi-Tawi
TWU, Malasia,Tawau
TXF, Brasil,Teixeira de Freitas
TXK, Estados Unidos,Texarkana
TXN, China,Huangshan
TYD, Rusia,Tynda
TYF, Suecia,Torsby
TYL, Peru,Talara
TYN, China,Taiyuan
TYR, Estados Unidos,Tyler
TYS, Estados Unidos,Knoxville
TZA, Belice,Ciudad de Belice
TZL, Bosnia-Herzegovina,Tuzla
TZN, Bahamas,South Andros
TZX, pavo,Trebisonda
UAK, Groenlandia,Narsarsuaq
UAQ, Argentina,San Juan
UAS, Kenia,Condado de Samburu
UBA, Brasil,Uberaba
UBB, Australia,Mabuiag
UBJ, Japon,Ube
UBN, Mongolia,Ulaanbaatar
UBP, Tailandia,Provincia de Ubon Ratchathani
UBU, Australia,Kalumburu
UCB, China,Ulanqab
UCT, Rusia,Ujta
UDI, Brasil,Uberlandia
UDJ, Ucrania,Uzhhorod
UDR, India,Udaipur
UEL, Mozambique,Quelimane
UEO, Japon,Isla Kume
UET, Pakistan,Quetta
UFA, Rusia,Ufa
UGC, Uzbekistan,Urgench
UGI, Estados Unidos,Uganik
UIB, Colombia,Quibdo
UIH, Vietnam,Quy Nhon
UII, Honduras,Utila
UIN, Estados Unidos,Quincy
UIO, Ecuador,Quito
UIP, Francia,Quimper
UKA, Kenia,Ukunda
UKB, Japon,Kobe
UKG, Rusia,Ust-Kuyga
UKK, Kazajstan,Oskemen
UKX, Rusia,Ust-Kut
ULB, Vanuatu,Toak
ULG, Mongolia,Olgiy
ULH, Arabia Saudita,Al-Ula
ULK, Rusia,Lensk
ULN, Mongolia,Ulan Bator
ULO, Mongolia,Ulaangom
ULP, Australia,Quilpie
ULV, Rusia,Ulianovsk
ULZ, Mongolia,Uliastai
UMD, Groenlandia,Uummannaq
UME, Suecia,Umea
UNA, Brasil,Una
UND, Afganistan,Kunduz
UNG, Papua Nueva Guinea,Kiunga
UNK, Estados Unidos,Unalakleet
UNN, Tailandia,Provincia de Ranong
UOL, Indonesia,Buol
UPG, Indonesia,Macasar
UPK, Groenlandia,Upernavik
UPN, Mexico,Uruapan
URA, Kazajstan,Oral
URC, China,Urumchi
URE, Estonia,Kuressaare
URG, Brasil,Uruguayana
URJ, Rusia,Uray
URS, Rusia,Kursk
URT, Tailandia,Provincia de Surat Thani
URY, Saudi Arabia,Qurayyat
USA, Estados Unidos,Concord
USH, Argentina,Ushuaia
USJ, Kazajstan,Usharal
USK, Rusia,Usinsk
USM, Tailandia,Ko Samui
USN, Corea del Sur,Ulsan
USR, Rusia,Ust-Nera
UST, Estados Unidos,St. Augustine
USU, Filipinas,Busuanga
UTH, Tailandia,Udon Thani
UTN, Sudafrica,Upington
UTP, Tailandia,Pattaya
UTS, Rusia,Ust-Tsilma
UTT, Sudafrica,Mthatha
UUA, Rusia,Bugulma
UUD, Rusia,Ulan-Ude
UUS, Rusia,Yuzhno-Sajalinsk
UVE, Nueva Caledonia,Ouvea
UVF, Santa Lucia,Millet
UYL, Sudan,Nyala
UYN, China,Yulin
UYU, Bolivia,Uyuni
VAA, Finlandia,Vaasa
VAI, Papua Nueva Guinea,Vanimo
VAK, Estados Unidos,Chevak
VAM, Maldivas,Maamigili
VAN, pavo,Van
VAO, Islas Salomon,Suavanao
VAR, Bulgaria,Varna
VAS, pavo,Sivas
VAV, Tonga,Vavau
VAW, Noruega,Vard
VBA, Myanmar (Burma),Ann
VBV, Fiji,Vanua Balavu
VBY, Suecia,Visby
VCA, Vietnam,Can Tho
VCC, Brasil,
VCE, Italia,Venecia
VCL, Vietnam,Chu Lai
VCP, Brasil,Sao Paulo
VCS, Vietnam,Con Son Island
VCT, Estados Unidos,Victoria
VDC, Brasil,Vitoria da Conquista
VDE, Espana,Valverde
VDH, Vietnam,ong Hoi
VDM, Argentina,Viedma
VDO, Vietnam,Ha Long
VDS, Noruega,Vads
VDY, India,Toranagallu
VDZ, Estados Unidos,Valdez
VEE, Estados Unidos,Venetie
VEL, Estados Unidos,Vernal
VER, Mexico,Veracruz
VFA, Zimbabue,Victoria Falls
VGA, India,Vijayawada
VGD, Rusia,Vologda
VGO, Espana,Vigo
VGZ, Colombia,Villagarzon
VHC, Angola,Saurimo
VHM, Suecia,Vilhelmina
VHV, Rusia,Verjneviliuisk
VHZ, Polinesia frances,Vahitahi
VIE, Austria,Viena
VIF, Italia,Vieste
VIG, Venezuela,El Vigia
VII, Vietnam,Vinh
VIJ, Islas Virgenes Britanicas,Virgin Gorda
VIL, Sahara Occidental,Dakhla
VIT, Espana,Vitoria
VIX, Brasil,Vitoria
VKG, Vietnam,Rach Gia
VKO, Rusia,Moscu
VKT, Rusia,Vorkuta
VLC, Espana,Valencia
VLD, Estados Unidos,Valdosta
VLI, Vanuatu,Port Vila
VLL, Espana,Valladolid
VLN, Venezuela,Valencia
VLS, Vanuatu,Valesdir
VLY, Reino Unido,Isla de Anglesey
VNE, Francia,Vannes
VNO, Lituania,Vilna
VNS, India,Benares
VNX, Mozambique,Vilanculos
VOG, Rusia,Volgogrado
VOL, Grecia,Volos
VOZ, Rusia,Voronezh
VPE, Angola,Ondjiva
VPG, Kenia,Kikambala
VPN, Islandia,Vopnafjorur
VPS, Estados Unidos,Destin
VPY, Mozambique,Chimoio
VQS, Estados Unidos,Vieques
VRA, Cuba,Varadero
VRB, Estados Unidos,Vero Beach
VRC, Catanduanes,Virac
VRL, Portugal,Vila Real
VRN, Italia,Verona
VRY, Noruega,Vry
VSA, Mexico,Villahermosa
VSE, Portugal,Viseu
VST, Suecia,Estocolmo
VTE, Laos,Vientian
VTZ, India,Visakhapatnam
VUP, Colombia,Valledupar
VUU, Malawi,Liwonde Mvuu Camp
VVC, Colombia,Villavicencio
VVI, Bolivia,Santa Cruz de la Sierra
VVO, Rusia,Vladivostok
VVZ, Argelia,Illizi
VXC, Mozambique,Lichinga
VXE, Cabo Verde,Isla de Sao Vicente
VXO, Suecia,Vaxjo
VYI, Rusia,Viliuisk
WAA, Estados Unidos,Wales
WAE, Arabia Saudita,Wadi ad-Dawasir
WAG, Nueva Zelanda,Whanganui
WAW, Polonia,Varsovia
WBB, Estados Unidos,Stebbins
WBM, Papua Nueva Guinea,Wapenamanda District
WDH, Namibia,Windhoek
WDS, China,Shiyan
WEF, China,Weifang
WEH, China,Weihai
WEI, Australia,Weipa
WGA, Australia,Wagga Wagga
WGE, Australia,Walgett
WGN, China,Shaoyang
WGP, Indonesia,Waingapu
WHA, China,Wuhu Xuanzhou
WHK, Nueva Zelanda,Whakatane
WIL, Kenia,Nairobi
WIN, Australia,Winton
WJA, Islas Marshall,Woja
WJR, Kenia,Wajir
WJU, Corea del Sur,Wonju
WKA, Nueva Zelanda,Wanaka
WKJ, Japon,Wakkanai
WLG, Nueva Zelanda,Wellington
WLH, Vanuatu,Walaha
WLK, Estados Unidos,Selawik
WLS, Wallis y Futuna,Wallis Island
WMI, Polonia,Varsovia
WMN, Madagascar,Maroantsetra
WMO, Estados Unidos,White Mountain
WMT, China,Zunyi
WMX, Indonesia,Wamena
WNA, Estados Unidos,Napakiak
WNH, China,Wenshan
WNI, Indonesia,Wangi-wangi Island
WNN, Canada,Wunnummin Lake
WNP, Filipinas,Naga
WNR, Australia,Windorah
WNZ, China,Wenzhou
WOL, Australia,Wollongong
WPR, Chile,Porvenir
WPU, Chile,Puerto Williams
WRE, Nueva Zelanda,Whangarei
WRG, Estados Unidos,Wrangell
WRO, Polonia,Breslavia
WRZ, Sri Lanka,Weerawila
WSK, China,Wushan
WSN, Estados Unidos,South Naknek
WSP, Nicaragua,Waspam
WSZ, Nueva Zelanda,Westport
WTB, Australia,Toowoomba
WTK, Estados Unidos,Noatak
WTL, Estados Unidos,Tuntutuliak
WUA, China,Wuhai
WUH, China,Wuhan
WUN, Australia,Wiluna
WUS, China,Ciudad de Wuyishan
WUT, China,Xinzhou
WUU, Sudan,Wau
WUX, China,Wuxi
WUZ, China,Wuzhou
WVB, Namibia,Walvis Bay
WWK, Papua Nueva Guinea,Wewak
WWP, Estados Unidos,Whale Pass
WWT, Estados Unidos,Newtok
WXN, China,Wanzhou
WYA, Australia,Whyalla
WYS, Estados Unidos,West Yellowstone
XAI, China,Xinyang
XAP, Brasil,Chapeco
XBE, Canada,Bearskin Lake
XBJ, Corri,Birjand
XCH, Australia,Shire of Christmas Island
XCR, Francia,Paris
XEQ, Groenlandia,Tasiusaq
XFN, China,Xiangyang
XFW, Alemania,Hamburg
XGR, Canada,Kangiqsualujjuaq
XIC, China,Xichang
XIL, China,Xilinhot
XIQ, Groenlandia,Ilimanaq
XIY, China,Xi'an
XKH, Laos,Phonsavan
XKS, Canada,Kasabonika First Nation
XMH, Polinesia frances,Manihi
XMN, China,Xiamen
XMY, Australia,Yam Island
XNA, Estados Unidos,Fayetteville
XNN, China,Xining
XPL, Honduras,Comayagua
XQP, Costa Rica,Quepos
XRY, Espana,Jerez de la Frontera
XSC, Turks y Caicos,Caicos del Sur
XSP, Singapur,Seletar
XTG, Australia,Thargomindah
XUZ, China,Xuzhou
XWA, Estados Unidos,Williston
YAB, Canada,Arctic Bay
YAG, Canada,Fort Frances
YAK, Estados Unidos,Yakutat
YAM, Canada,Sault Ste. Marie
YAP, micronesia,Yap
YAQ, Canada,Maple Bay
YAT, Canada,Attawapiskat First Nation
YAX, Canada,Wapekeka
YAY, Canada,St. Anthony
YAZ, Canada,Tofino
YBB, Canada,Kugaaruk
YBC, Canada,Baie-Comeau
YBE, Canada,Uranium City
YBG, Canada,Saguenay
YBI, Canada,Black Tickle
YBK, Nunavut,Baker Lake
YBL, Canada,Campbell River
YBP, China,Yibin
YBR, Canada,Brandon
YBX, Canada,Blanc-Sablon
YCB, Canada,Cambridge Bay
YCD, Canada,Nanaimo
YCG, Canada,Castlegar
YCK, Canada,Colville Lake
YCM, Canada,St. Catharines
YCO, Canada,Kugluktuk
YCS, Canada,Chesterfield Inlet
YCU, China,Yuncheng
YCY, Nunavut,Clyde River
YDA, Canada,Dawson City
YDF, Canada,Deer Lake
YDP, Canada,Nain
YDQ, Canada,Dawson Creek
YEG, Canada,Edmonton
YEI, pavo,Bursa
YEK, Canada,Arviat
YER, Canada,Fort Severn
YES, Corri,Yasuj
YEV, Canada,Inuvik
YFA, Canada,Fort Albany First Nation
YFB, Canada,Iqaluit
YFC, Canada,Fredericton
YFJ, Canada,Wekweeti
YFO, Canada,Flin Flon
YFS, Canada,Fort Simpson
YFX, Canada,St. Lewis
YGG, Canada,British Columbia
YGH, Canada,Fort Good Hope
YGJ, Japon,Yonago
YGK, Canada,Kingston
YGL, Canada,La Grande River
YGP, Canada,Gaspe
YGR, Canada,Les Iles-de-la-Madeleine
YGT, Canada,Igloolik
YGW, Canada,Kuujjuarapik
YGX, Canada,Gillam
YGZ, Canada,Grise Fiord
YHA, Canada,Port Hope Simpson
YHD, Canada,Dryden
YHG, Canada,Charlottetown
YHI, Canada,Ulukhaktok
YHK, Canada,Gjoa Haven
YHM, Canada,Hamilton
YHO, Canada,Hopedale
YHP, Canada,Poplar Hill
YHS, Canada,Sechelt
YHU, Canada,Longueuil
YHY, Canada,Hay River
YHZ, Canada,Halifax
YIA, Indonesia,Yogyakarta
YIC, China,Yichun
YIE, China,Arxan
YIF, Cote-Nord,Saint-Augustin
YIH, China,Yichang
YIK, Canada,Ivujivik
YIN, China,Gulja
YIO, Canada,Pond Inlet
YIW, China,Yiwu
YKA, Canada,Kamloops
YKF, Canada,Waterloo
YKG, Canada,Kangirsuk
YKH, China,Yingkou
YKL, Canada,Schefferville
YKM, Estados Unidos,Yakima
YKO, pavo,Hakkari
YKQ, Canada,Waskaganish
YKS, Rusia,Yakutsk
YKU, Canada,Chisasibi
YLC, Canada,Kimmirut
YLE, Canada,Lac La Martre
YLL, Canada,Lloydminster
YLW, Canada,Kelowna
YLX, China,Yulin
YMH, Canada,Mary's Harbour
YMM, Canada,Fort McMurray
YMN, Canada,Makkovik
YMO, Canada,Moosonee
YMT, Canada,Chibougamau
YMX, Canada,Montreal
YNB, Arabia Saudita,Yanbu
YNC, Quebec,Wemindji
YNJ, China,Yanji
YNL, Canada,Points North Landing
YNO, Canada,North Spirit Lake
YNP, Canada,Natuashish
YNS, Canada,Nemaska
YNT, China,Yantai
YNY, Corea del Sur,Yangyang
YNZ, China,Yancheng
YOC, Canada,Old Crow
YOJ, Canada,High Level
YOL, Nigeria,Yola
YON, Butan,Trashigang
YOW, Canada,Ottawa
YPA, Canada,Prince Albert
YPH, Canada,Inukjuak
YPJ, Canada,Aupaluk
YPL, Canada,Pickle Lake
YPM, Canada,Pikangikum First Nation
YPO, Canada,Peawanuck
YPR, Canada,Prince Rupert
YPW, British Columbia,Powell River
YPX, Canada,Puvirnituq
YPY, Canada,Fort Chipewyan
YQB, Canada,Quebec
YQC, Canada,Quaqtaq
YQD, Canada,The Pas
YQG, Canada,Windsor
YQK, Canada,Kenora
YQL, Canada,Lethbridge
YQM, Canada,Moncton
YQQ, Canada,Comox
YQR, Canada,Regina
YQT, Canada,Thunder Bay
YQU, Canada,Grande Prairie
YQX, Canada,Gander
YQY, Canada,Sydney
YQZ, Canada,Quesnel
YRA, Canada,Gameti
YRB, Canada,Resolute
YRF, Canada,Cartwright
YRG, Canada,Rigolet
YRL, Canada,Red Lake
YRT, Canada,Rankin Inlet
YSB, Canada,Gran Sudbury
YSF, Canada,Stony Rapids
YSG, Canada,Lutselk'e
YSJ, Canada,Saint John
YSK, Canada,Sanikiluaq
YSM, Canada,Fort Smith
YSO, Canada,Postville
YSQ, China,Songyuan
YTE, Canada,Cape Dorset
YTH, Canada,Thompson
YTL, Canada,Big Trout Lake
YTM, Canada,Mont-Tremblant
YTQ, Canada,Tasiujaq
YTS, Canada,Timmins
YTW, China,Yutian
YTY, China,Yangzhou
YTZ, Canada,Toronto
YUD, Canada,Umiujaq
YUL, Canada,Montreal
YUM, Estados Unidos,Yuma
YUS, China,Yushu
YUT, Canada,Naujaat
YUX, Canada,Hall Beach
YUY, Canada,Rouyn-Noranda
YVB, Canada,Bonaventure
YVC, Canada,La Ronge
YVM, Canada,Qikiqtarjuaq
YVO, Canada,Val-d Or
YVP, Canada,Kuujjuaq
YVQ, Canada,Norman Wells
YVR, Canada,Vancouver
YVZ, Canada,Deer Lake
YWB, Canada,Kangiqsujuaq
YWG, Canada,Winnipeg
YWH, Canada,Victoria
YWJ, Canada,Deline
YWK, Canada,Wabush
YWL, Canada,Williams Lake
YXC, Canada,Cranbrook
YXE, Canada,Saskatoon
YXH, Canada,Medicine Hat
YXJ, Canada,Fort St. John
YXL, Canada,Sioux Lookout
YXN, Nunavut,Whale Cove
YXP, Canada,Pangnirtung
YXS, Canada,Prince George
YXT, Canada,Terrace
YXU, Canada,London
YXX, Canada,Abbotsford
YXY, Canada,Whitehorse
YYA, China,Yueyang
YYB, Canada,North Bay
YYC, Canada,Calgary
YYD, Canada,Smithers
YYE, Canada,Fort Nelson
YYF, Canada,Penticton
YYG, Canada,Charlottetown
YYH, Canada,Taloyoak
YYJ, Canada,Victoria
YYQ, Canada,Churchill
YYR, Canada,Happy Valley-Goose Bay
YYT, Canada,San Juan de Terranova
YYY, Canada,Mont-Joli
YYZ, Canada,Toronto
YZF, Canada,Yellowknife
YZG, Canada,Salluit
YZP, Canada,Sandspit
YZS, Canada,Coral Harbour
YZT, Canada,Port Hardy
YZV, Canada,Sept-Iles
YZY, China,Zhangye
YZZ, Canada,Trail
ZAD, Croacia,Zadar
ZAG, Croacia,Zagreb
ZAH, Corri,Zahedan
ZAL, Chile,Valdivia
ZAM, Filipinas,Zamboanga
ZAT, China,Zhaotong
ZAZ, Espana,Zaragoza
ZBF, Canada,Bathurst
ZBL, Australia,Biloela
ZBR, Corri,Chabahar
ZCL, Mexico,Zacatecas
ZCO, Chile,Temuco
ZEL, Canada,Bella Bella
ZEM, Quebec,Eastmain
ZFD, Canada,Fond-du-Lac
ZFN, Canada,Tulita
ZGS, Canada,La Romaine
ZGU, Vanuatu,Gaua
ZHA, China,Zhanjiang
ZHY, China,Zhongwei
ZIA, Rusia,Moscu
ZIG, Senegal,Ziguinchor
ZIH, Mexico,Ixtapa Zihuatanejo
ZIS, Libia,Zintan
ZIX, Rusia,Zhigansk
ZKE, Canada,Kashechewan
ZKP, Rusia,Zyryanka
ZLO, Mexico,Manzanillo
ZMT, Canada,Masset
ZNA, Canada,Nanaimo
ZND, Niger,Zinder
ZNE, Australia,Newman
ZNZ, Tanzania,Zanzibar
ZOS, Chile,Osorno
ZQN, Nueva Zelanda,Queenstown
ZQZ, China,Zhangjiakou
ZRH, Suiza,Zurich
ZSA, Bahamas,San Salvador Island
ZSE, Reunion,Saint-Pierre
ZSJ, Canada,Sandy Lake
ZTA, Polinesia frances,Tureia
ZTH, Grecia,Zante
ZUH, China,Zhuhai
ZUM, Canada,Churchill Falls
ZVK, Laos,Savannakhet
ZWL, Canada,Wollaston Lake
ZYI, China,Zunyi
ZYL, Bangladesh,Sylhet
ZZO, Rusia,Tymovskoye Zonalnoye
